grow_area_name,datetime_uct,min_1d_prob,max_1d_prob,min_2d_prob,max_2d_prob,min_3d_prob,max_3d_prob,flag
A01,9/15/20,0,0,0,0,0,0,testing
A02,9/15/20,0,0,0,0,0,0,testing
A03,9/15/20,0,0,0,0,0,0,testing
B02,9/15/20,0,0,0,0,0,0,testing
B03,9/15/20,0,0,0,0,0,0,testing
B04,9/15/20,0,0,0,0,0,0,testing
B05,9/15/20,0,0,0,0,0,0,testing
B06,9/15/20,0,0,0,0,0,0,testing
B07,9/15/20,0,0,0,0,0,0,testing
B08,9/15/20,0,0,0,0,0,0,testing
B09,9/15/20,0,0,0,0,0,0,testing
C01,9/15/20,0,0,0,0,0,0,testing
C02,9/15/20,0,0,0,0,0,0,testing
C03,9/15/20,0,0,0,0,0,0,testing
C04,9/15/20,0,0,0,0,0,0,testing
D01,9/15/20,0,0,0,0,0,0,testing
D02,9/15/20,0,0,0,0,0,0,testing
D03,9/15/20,0,0,0,0,0,0,testing
D04,9/15/20,0,0,0,0,0,0,testing
E01,9/15/20,0,0,0,0,0,0,testing
E02,9/15/20,0,0,0,0,0,0,testing
E03,9/15/20,0,0,0,0,0,0,testing
E04,9/15/20,0,0,0,0,0,0,testing
E05,9/15/20,0,0,0,0,0,0,testing
E06,9/15/20,0,0,0,0,0,0,testing
E07,9/15/20,0,0,0,0,0,0,testing
E08,9/15/20,0,0,0,0,0,0,testing
E09,9/15/20,0,0,0,0,0,0,testing
F02,9/15/20,0,0,0,0,0,0,testing
F03,9/15/20,0,0,0,0,0,0,testing
F04,9/15/20,0,0,0,0,0,0,testing
F05,9/15/20,0,0,0,0,0,0,testing
F06,9/15/20,0,0,0,0,0,0,testing
F07,9/15/20,0,0,0,0,0,0,testing
G01,9/15/20,0,0,0,0,0,0,testing
G02,9/15/20,0,0,0,0,0,0,testing
G03,9/15/20,0,0,0,0,0,0,testing
G04,9/15/20,0,0,0,0,0,0,testing
G05,9/15/20,0,0,0,0,0,0,testing
G06,9/15/20,0,0,0,0,0,0,testing
G07,9/15/20,0,0,0,0,0,0,testing
G08,9/15/20,0,0,0,0,0,0,testing
H01,9/15/20,0,0,0,0,0,0,testing
H02,9/15/20,0,0,0,0,0,0,testing
H03,9/15/20,0,0,0,0,0,0,testing
H04,9/15/20,0,0,0,0,0,0,testing
H05,9/15/20,0,0,0,0,0,0,testing
H06,9/15/20,0,0,0,0,0,0,testing
B01,9/15/20,NA,NA,NA,NA,NA,NA,testing
B10,9/15/20,NA,NA,NA,NA,NA,NA,testing
F01,9/15/20,NA,NA,NA,NA,NA,NA,testing
F08,9/15/20,NA,NA,NA,NA,NA,NA,testing
F09,9/15/20,NA,NA,NA,NA,NA,NA,testing
G09,9/15/20,NA,NA,NA,NA,NA,NA,testing
G10,9/15/20,NA,NA,NA,NA,NA,NA,testing
G11,9/15/20,NA,NA,NA,NA,NA,NA,testing
G12,9/15/20,NA,NA,NA,NA,NA,NA,testing
I01,9/15/20,NA,NA,NA,NA,NA,NA,testing
I02,9/15/20,NA,NA,NA,NA,NA,NA,testing
I03,9/15/20,NA,NA,NA,NA,NA,NA,testing
I04,9/15/20,NA,NA,NA,NA,NA,NA,testing
I05,9/15/20,NA,NA,NA,NA,NA,NA,testing
I06,9/15/20,NA,NA,NA,NA,NA,NA,testing
I07,9/15/20,NA,NA,NA,NA,NA,NA,testing
I08,9/15/20,NA,NA,NA,NA,NA,NA,testing
I09,9/15/20,NA,NA,NA,NA,NA,NA,testing
I10,9/15/20,NA,NA,NA,NA,NA,NA,testing
I11,9/15/20,NA,NA,NA,NA,NA,NA,testing
I12,9/15/20,NA,NA,NA,NA,NA,NA,testing
I13,9/15/20,NA,NA,NA,NA,NA,NA,testing
I14,9/15/20,NA,NA,NA,NA,NA,NA,testing
I15,9/15/20,NA,NA,NA,NA,NA,NA,testing
I16,9/15/20,NA,NA,NA,NA,NA,NA,testing
A01,9/16/20,66,92,52,65,31,95,testing
A02,9/16/20,28,57,41,95,31,94,testing
A03,9/16/20,28,33,64,90,32,64,testing
B02,9/16/20,37,37,81,81,42,42,testing
B03,9/16/20,37,37,81,81,42,42,testing
B04,9/16/20,37,37,81,81,42,42,testing
B05,9/16/20,25,92,46,90,24,82,testing
B06,9/16/20,25,60,29,90,24,51,testing
B07,9/16/20,25,60,22,90,21,72,testing
B08,9/16/20,23,88,22,92,25,81,testing
B09,9/16/20,39,84,34,91,38,82,testing
C01,9/16/20,78,85,30,32,24,58,testing
C02,9/16/20,45,85,30,47,39,58,testing
C03,9/16/20,41,45,40,74,20,56,testing
C04,9/16/20,22,91,23,96,36,100,testing
D01,9/16/20,73,91,38,72,59,93,testing
D02,9/16/20,54,99,28,92,20,78,testing
D03,9/16/20,22,99,28,79,40,99,testing
D04,9/16/20,33,99,26,94,30,99,testing
E01,9/16/20,33,95,40,62,21,70,testing
E02,9/16/20,58,95,40,79,21,70,testing
E03,9/16/20,58,88,24,100,25,95,testing
E04,9/16/20,25,94,49,92,28,66,testing
E05,9/16/20,37,96,29,90,31,42,testing
E06,9/16/20,23,98,29,99,26,97,testing
E07,9/16/20,36,89,24,90,37,84,testing
E08,9/16/20,28,81,29,91,38,96,testing
E09,9/16/20,28,80,38,91,21,89,testing
F02,9/16/20,30,92,44,88,29,72,testing
F03,9/16/20,70,92,44,95,24,67,testing
F04,9/16/20,24,91,36,87,30,99,testing
F05,9/16/20,89,89,53,53,84,84,testing
F06,9/16/20,38,83,55,91,31,66,testing
F07,9/16/20,58,89,36,61,35,84,testing
G01,9/16/20,28,28,43,43,32,32,testing
G02,9/16/20,28,83,42,95,32,94,testing
G03,9/16/20,33,85,29,94,35,96,testing
G04,9/16/20,33,99,36,90,35,69,testing
G05,9/16/20,33,99,52,73,40,69,testing
G06,9/16/20,33,91,32,77,26,99,testing
G07,9/16/20,33,87,32,73,26,69,testing
G08,9/16/20,40,40,95,95,48,48,testing
H01,9/16/20,26,87,20,88,26,68,testing
H02,9/16/20,44,48,20,80,49,70,testing
H03,9/16/20,98,98,93,93,36,36,testing
H04,9/16/20,48,87,32,64,26,66,testing
H05,9/16/20,26,87,29,92,26,71,testing
H06,9/16/20,26,87,20,73,26,69,testing
B01,9/16/20,NA,NA,NA,NA,NA,NA,testing
B10,9/16/20,NA,NA,NA,NA,NA,NA,testing
F01,9/16/20,NA,NA,NA,NA,NA,NA,testing
F08,9/16/20,NA,NA,NA,NA,NA,NA,testing
F09,9/16/20,NA,NA,NA,NA,NA,NA,testing
G09,9/16/20,NA,NA,NA,NA,NA,NA,testing
G10,9/16/20,NA,NA,NA,NA,NA,NA,testing
G11,9/16/20,NA,NA,NA,NA,NA,NA,testing
G12,9/16/20,NA,NA,NA,NA,NA,NA,testing
I01,9/16/20,NA,NA,NA,NA,NA,NA,testing
I02,9/16/20,NA,NA,NA,NA,NA,NA,testing
I03,9/16/20,NA,NA,NA,NA,NA,NA,testing
I04,9/16/20,NA,NA,NA,NA,NA,NA,testing
I05,9/16/20,NA,NA,NA,NA,NA,NA,testing
I06,9/16/20,NA,NA,NA,NA,NA,NA,testing
I07,9/16/20,NA,NA,NA,NA,NA,NA,testing
I08,9/16/20,NA,NA,NA,NA,NA,NA,testing
I09,9/16/20,NA,NA,NA,NA,NA,NA,testing
I10,9/16/20,NA,NA,NA,NA,NA,NA,testing
I11,9/16/20,NA,NA,NA,NA,NA,NA,testing
I12,9/16/20,NA,NA,NA,NA,NA,NA,testing
I13,9/16/20,NA,NA,NA,NA,NA,NA,testing
I14,9/16/20,NA,NA,NA,NA,NA,NA,testing
I15,9/16/20,NA,NA,NA,NA,NA,NA,testing
I16,9/16/20,NA,NA,NA,NA,NA,NA,testingA01,2020-09-17,46,88,39,40,54,58,testing
A02,2020-09-17,24,92,32,99,54,83,testing
A03,2020-09-17,24,37,71,88,43,71,testing
B02,2020-09-17,95,95,43,43,94,94,testing
B03,2020-09-17,95,95,43,43,94,94,testing
B04,2020-09-17,95,95,43,43,94,94,testing
B05,2020-09-17,41,98,26,89,33,70,testing
B06,2020-09-17,41,54,42,90,55,88,testing
B07,2020-09-17,41,100,42,90,55,88,testing
B08,2020-09-17,31,98,24,97,21,96,testing
B09,2020-09-17,31,98,57,93,59,96,testing
C01,2020-09-17,56,78,25,99,27,88,testing
C02,2020-09-17,31,78,25,71,79,88,testing
C03,2020-09-17,62,99,31,59,69,96,testing
C04,2020-09-17,24,87,26,96,28,81,testing
D01,2020-09-17,24,70,26,64,52,72,testing
D02,2020-09-17,21,78,34,84,51,99,testing
D03,2020-09-17,25,86,46,99,31,86,testing
D04,2020-09-17,25,98,33,99,28,92,testing
E01,2020-09-17,36,66,29,85,38,83,testing
E02,2020-09-17,41,67,29,85,20,58,testing
E03,2020-09-17,41,79,23,89,20,97,testing
E04,2020-09-17,30,94,34,99,48,96,testing
E05,2020-09-17,27,59,42,54,47,82,testing
E06,2020-09-17,27,89,22,86,29,95,testing
E07,2020-09-17,37,74,54,99,47,88,testing
E08,2020-09-17,24,85,46,91,29,89,testing
E09,2020-09-17,21,93,28,95,32,89,testing
F02,2020-09-17,33,71,21,94,36,89,testing
F03,2020-09-17,33,84,22,94,31,54,testing
F04,2020-09-17,44,99,28,89,26,97,testing
F05,2020-09-17,50,50,44,44,98,98,testing
F06,2020-09-17,37,92,35,96,23,80,testing
F07,2020-09-17,38,93,44,94,36,98,testing
G01,2020-09-17,100,100,45,45,49,49,testing
G02,2020-09-17,38,100,26,86,33,97,testing
G03,2020-09-17,32,93,22,89,30,97,testing
G04,2020-09-17,33,93,24,89,44,97,testing
G05,2020-09-17,54,80,21,61,61,84,testing
G06,2020-09-17,54,99,24,89,25,70,testing
G07,2020-09-17,76,93,24,89,25,69,testing
G08,2020-09-17,48,48,66,66,90,90,testing
H01,2020-09-17,27,89,23,82,25,55,testing
H02,2020-09-17,43,89,28,32,40,89,testing
H03,2020-09-17,69,69,33,33,62,62,testing
H04,2020-09-17,79,97,33,48,25,43,testing
H05,2020-09-17,52,88,48,70,25,90,testing
H06,2020-09-17,60,89,23,69,25,69,testing
B01,2020-09-17,NA,NA,NA,NA,NA,NA,testing
B10,2020-09-17,NA,NA,NA,NA,NA,NA,testing
F01,2020-09-17,NA,NA,NA,NA,NA,NA,testing
F08,2020-09-17,NA,NA,NA,NA,NA,NA,testing
F09,2020-09-17,NA,NA,NA,NA,NA,NA,testing
G09,2020-09-17,NA,NA,NA,NA,NA,NA,testing
G10,2020-09-17,NA,NA,NA,NA,NA,NA,testing
G11,2020-09-17,NA,NA,NA,NA,NA,NA,testing
G12,2020-09-17,NA,NA,NA,NA,NA,NA,testing
I01,2020-09-17,NA,NA,NA,NA,NA,NA,testing
I02,2020-09-17,NA,NA,NA,NA,NA,NA,testing
I03,2020-09-17,NA,NA,NA,NA,NA,NA,testing
I04,2020-09-17,NA,NA,NA,NA,NA,NA,testing
I05,2020-09-17,NA,NA,NA,NA,NA,NA,testing
I06,2020-09-17,NA,NA,NA,NA,NA,NA,testing
I07,2020-09-17,NA,NA,NA,NA,NA,NA,testing
I08,2020-09-17,NA,NA,NA,NA,NA,NA,testing
I09,2020-09-17,NA,NA,NA,NA,NA,NA,testing
I10,2020-09-17,NA,NA,NA,NA,NA,NA,testing
I11,2020-09-17,NA,NA,NA,NA,NA,NA,testing
I12,2020-09-17,NA,NA,NA,NA,NA,NA,testing
I13,2020-09-17,NA,NA,NA,NA,NA,NA,testing
I14,2020-09-17,NA,NA,NA,NA,NA,NA,testing
I15,2020-09-17,NA,NA,NA,NA,NA,NA,testing
I16,2020-09-17,NA,NA,NA,NA,NA,NA,testing
A01,2020-09-18,45,80,32,39,64,72,testing
A02,2020-09-18,25,66,34,94,41,98,testing
A03,2020-09-18,24,36,36,94,20,64,testing
B02,2020-09-18,62,62,70,70,80,80,testing
B03,2020-09-18,62,62,70,70,80,80,testing
B04,2020-09-18,62,62,70,70,80,80,testing
B05,2020-09-18,31,76,42,93,23,98,testing
B06,2020-09-18,71,76,42,93,44,98,testing
B07,2020-09-18,22,76,37,94,44,98,testing
B08,2020-09-18,21,100,27,94,23,92,testing
B09,2020-09-18,36,78,38,87,33,92,testing
C01,2020-09-18,44,89,22,39,79,83,testing
C02,2020-09-18,44,53,39,76,24,83,testing
C03,2020-09-18,65,76,23,82,25,38,testing
C04,2020-09-18,25,92,27,88,23,90,testing
D01,2020-09-18,29,82,69,97,46,93,testing
D02,2020-09-18,31,43,25,95,25,89,testing
D03,2020-09-18,27,91,48,95,38,97,testing
D04,2020-09-18,42,98,28,95,21,100,testing
E01,2020-09-18,57,94,28,53,50,100,testing
E02,2020-09-18,25,89,28,55,34,100,testing
E03,2020-09-18,25,93,24,69,34,99,testing
E04,2020-09-18,42,99,21,73,23,95,testing
E05,2020-09-18,65,99,43,83,24,56,testing
E06,2020-09-18,34,100,25,97,42,97,testing
E07,2020-09-18,54,99,53,96,56,90,testing
E08,2020-09-18,26,85,42,100,50,93,testing
E09,2020-09-18,28,81,25,96,34,98,testing
F02,2020-09-18,27,67,33,88,43,95,testing
F03,2020-09-18,27,74,25,60,61,95,testing
F04,2020-09-18,22,86,26,83,26,94,testing
F05,2020-09-18,98,98,98,98,61,61,testing
F06,2020-09-18,25,98,24,86,24,44,testing
F07,2020-09-18,27,98,24,98,24,95,testing
G01,2020-09-18,48,48,92,92,72,72,testing
G02,2020-09-18,43,98,24,92,20,90,testing
G03,2020-09-18,31,100,24,98,24,65,testing
G04,2020-09-18,25,90,24,58,33,75,testing
G05,2020-09-18,49,99,43,55,21,75,testing
G06,2020-09-18,32,86,23,83,26,98,testing
G07,2020-09-18,32,86,23,54,24,65,testing
G08,2020-09-18,44,44,74,74,66,66,testing
H01,2020-09-18,27,49,23,86,35,88,testing
H02,2020-09-18,37,49,64,86,35,96,testing
H03,2020-09-18,62,62,55,55,38,38,testing
H04,2020-09-18,32,37,23,38,48,54,testing
H05,2020-09-18,32,95,23,98,23,57,testing
H06,2020-09-18,32,86,23,92,34,62,testing
B01,2020-09-18,NA,NA,NA,NA,NA,NA,testing
B10,2020-09-18,NA,NA,NA,NA,NA,NA,testing
F01,2020-09-18,NA,NA,NA,NA,NA,NA,testing
F08,2020-09-18,NA,NA,NA,NA,NA,NA,testing
F09,2020-09-18,NA,NA,NA,NA,NA,NA,testing
G09,2020-09-18,NA,NA,NA,NA,NA,NA,testing
G10,2020-09-18,NA,NA,NA,NA,NA,NA,testing
G11,2020-09-18,NA,NA,NA,NA,NA,NA,testing
G12,2020-09-18,NA,NA,NA,NA,NA,NA,testing
I01,2020-09-18,NA,NA,NA,NA,NA,NA,testing
I02,2020-09-18,NA,NA,NA,NA,NA,NA,testing
I03,2020-09-18,NA,NA,NA,NA,NA,NA,testing
I04,2020-09-18,NA,NA,NA,NA,NA,NA,testing
I05,2020-09-18,NA,NA,NA,NA,NA,NA,testing
I06,2020-09-18,NA,NA,NA,NA,NA,NA,testing
I07,2020-09-18,NA,NA,NA,NA,NA,NA,testing
I08,2020-09-18,NA,NA,NA,NA,NA,NA,testing
I09,2020-09-18,NA,NA,NA,NA,NA,NA,testing
I10,2020-09-18,NA,NA,NA,NA,NA,NA,testing
I11,2020-09-18,NA,NA,NA,NA,NA,NA,testing
I12,2020-09-18,NA,NA,NA,NA,NA,NA,testing
I13,2020-09-18,NA,NA,NA,NA,NA,NA,testing
I14,2020-09-18,NA,NA,NA,NA,NA,NA,testing
I15,2020-09-18,NA,NA,NA,NA,NA,NA,testing
I16,2020-09-18,NA,NA,NA,NA,NA,NA,testing
A01,2020-09-20,47,73,50,92,23,52,testing
A02,2020-09-20,28,95,25,77,25,98,testing
A03,2020-09-20,87,88,28,83,25,60,testing
B02,2020-09-20,31,31,80,80,71,71,testing
B03,2020-09-20,31,31,80,80,71,71,testing
B04,2020-09-20,31,31,80,80,71,71,testing
B05,2020-09-20,20,92,30,80,48,97,testing
B06,2020-09-20,29,37,48,83,44,97,testing
B07,2020-09-20,29,92,29,83,44,97,testing
B08,2020-09-20,21,92,32,97,33,89,testing
B09,2020-09-20,29,84,29,61,37,74,testing
C01,2020-09-20,78,89,57,68,56,59,testing
C02,2020-09-20,54,89,27,68,24,59,testing
C03,2020-09-20,60,85,64,79,88,96,testing
C04,2020-09-20,22,95,22,98,23,93,testing
D01,2020-09-20,25,80,31,75,30,94,testing
D02,2020-09-20,42,97,36,95,32,93,testing
D03,2020-09-20,34,98,38,95,27,82,testing
D04,2020-09-20,31,98,39,99,39,96,testing
E01,2020-09-20,27,84,26,73,22,88,testing
E02,2020-09-20,27,98,26,72,22,88,testing
E03,2020-09-20,27,98,20,87,28,95,testing
E04,2020-09-20,21,84,28,90,34,86,testing
E05,2020-09-20,49,97,39,86,32,38,testing
E06,2020-09-20,23,79,23,100,32,98,testing
E07,2020-09-20,34,79,82,90,32,59,testing
E08,2020-09-20,24,93,25,82,42,86,testing
E09,2020-09-20,31,95,24,90,21,85,testing
F02,2020-09-20,61,80,22,82,24,70,testing
F03,2020-09-20,31,88,43,78,35,71,testing
F04,2020-09-20,31,95,24,94,24,85,testing
F05,2020-09-20,80,80,71,71,25,25,testing
F06,2020-09-20,36,88,33,94,35,99,testing
F07,2020-09-20,36,80,35,98,25,96,testing
G01,2020-09-20,94,94,62,62,43,43,testing
G02,2020-09-20,36,97,40,98,38,96,testing
G03,2020-09-20,28,100,23,94,36,96,testing
G04,2020-09-20,28,100,35,99,23,88,testing
G05,2020-09-20,85,95,44,99,23,70,testing
G06,2020-09-20,41,85,27,99,24,92,testing
G07,2020-09-20,36,85,35,99,36,91,testing
G08,2020-09-20,97,97,96,96,81,81,testing
H01,2020-09-20,22,95,23,90,22,96,testing
H02,2020-09-20,22,54,29,53,77,96,testing
H03,2020-09-20,82,82,84,84,28,28,testing
H04,2020-09-20,61,78,27,47,91,92,testing
H05,2020-09-20,61,77,21,47,22,91,testing
H06,2020-09-20,22,85,23,99,22,96,testing
B01,2020-09-20,NA,NA,NA,NA,NA,NA,testing
B10,2020-09-20,NA,NA,NA,NA,NA,NA,testing
F01,2020-09-20,NA,NA,NA,NA,NA,NA,testing
F08,2020-09-20,NA,NA,NA,NA,NA,NA,testing
F09,2020-09-20,NA,NA,NA,NA,NA,NA,testing
G09,2020-09-20,NA,NA,NA,NA,NA,NA,testing
G10,2020-09-20,NA,NA,NA,NA,NA,NA,testing
G11,2020-09-20,NA,NA,NA,NA,NA,NA,testing
G12,2020-09-20,NA,NA,NA,NA,NA,NA,testing
I01,2020-09-20,NA,NA,NA,NA,NA,NA,testing
I02,2020-09-20,NA,NA,NA,NA,NA,NA,testing
I03,2020-09-20,NA,NA,NA,NA,NA,NA,testing
I04,2020-09-20,NA,NA,NA,NA,NA,NA,testing
I05,2020-09-20,NA,NA,NA,NA,NA,NA,testing
I06,2020-09-20,NA,NA,NA,NA,NA,NA,testing
I07,2020-09-20,NA,NA,NA,NA,NA,NA,testing
I08,2020-09-20,NA,NA,NA,NA,NA,NA,testing
I09,2020-09-20,NA,NA,NA,NA,NA,NA,testing
I10,2020-09-20,NA,NA,NA,NA,NA,NA,testing
I11,2020-09-20,NA,NA,NA,NA,NA,NA,testing
I12,2020-09-20,NA,NA,NA,NA,NA,NA,testing
I13,2020-09-20,NA,NA,NA,NA,NA,NA,testing
I14,2020-09-20,NA,NA,NA,NA,NA,NA,testing
I15,2020-09-20,NA,NA,NA,NA,NA,NA,testing
I16,2020-09-20,NA,NA,NA,NA,NA,NA,testing
A01,2020-09-21,55,93,71,71,25,90,testing
A02,2020-09-21,30,98,27,88,43,81,testing
A03,2020-09-21,62,72,78,97,71,82,testing
B02,2020-09-21,74,74,41,41,51,51,testing
B03,2020-09-21,74,74,41,41,51,51,testing
B04,2020-09-21,74,74,41,41,51,51,testing
B05,2020-09-21,32,90,32,91,25,89,testing
B06,2020-09-21,70,98,32,91,63,90,testing
B07,2020-09-21,42,98,32,91,21,90,testing
B08,2020-09-21,37,80,23,89,21,92,testing
B09,2020-09-21,65,82,23,77,35,87,testing
C01,2020-09-21,37,81,32,76,20,84,testing
C02,2020-09-21,81,83,32,46,20,79,testing
C03,2020-09-21,38,93,38,91,42,47,testing
C04,2020-09-21,35,96,22,98,33,98,testing
D01,2020-09-21,38,96,22,71,33,95,testing
D02,2020-09-21,25,97,42,96,40,72,testing
D03,2020-09-21,24,95,28,83,38,72,testing
D04,2020-09-21,20,94,28,89,21,88,testing
E01,2020-09-21,71,100,43,70,28,82,testing
E02,2020-09-21,61,100,43,48,28,98,testing
E03,2020-09-21,40,93,44,95,22,98,testing
E04,2020-09-21,30,52,28,100,29,94,testing
E05,2020-09-21,65,88,57,75,42,85,testing
E06,2020-09-21,30,100,32,93,21,97,testing
E07,2020-09-21,44,65,33,75,36,43,testing
E08,2020-09-21,23,100,33,77,21,98,testing
E09,2020-09-21,25,97,31,93,24,98,testing
F02,2020-09-21,27,98,24,74,66,93,testing
F03,2020-09-21,27,98,24,100,66,78,testing
F04,2020-09-21,25,97,28,94,24,97,testing
F05,2020-09-21,41,41,72,72,32,32,testing
F06,2020-09-21,28,97,22,95,20,100,testing
F07,2020-09-21,27,61,22,77,32,100,testing
G01,2020-09-21,94,94,90,90,54,54,testing
G02,2020-09-21,32,94,22,90,36,100,testing
G03,2020-09-21,28,86,22,87,22,100,testing
G04,2020-09-21,49,83,28,82,44,94,testing
G05,2020-09-21,69,83,31,82,44,94,testing
G06,2020-09-21,34,83,28,94,42,100,testing
G07,2020-09-21,34,83,22,82,64,100,testing
G08,2020-09-21,33,33,51,51,49,49,testing
H01,2020-09-21,27,98,25,98,30,84,testing
H02,2020-09-21,49,98,39,40,71,96,testing
H03,2020-09-21,46,46,70,70,33,33,testing
H04,2020-09-21,34,37,57,68,84,100,testing
H05,2020-09-21,27,34,49,97,52,91,testing
H06,2020-09-21,27,98,22,97,27,94,testing
B01,2020-09-21,NA,NA,NA,NA,NA,NA,testing
B10,2020-09-21,NA,NA,NA,NA,NA,NA,testing
F01,2020-09-21,NA,NA,NA,NA,NA,NA,testing
F08,2020-09-21,NA,NA,NA,NA,NA,NA,testing
F09,2020-09-21,NA,NA,NA,NA,NA,NA,testing
G09,2020-09-21,NA,NA,NA,NA,NA,NA,testing
G10,2020-09-21,NA,NA,NA,NA,NA,NA,testing
G11,2020-09-21,NA,NA,NA,NA,NA,NA,testing
G12,2020-09-21,NA,NA,NA,NA,NA,NA,testing
I01,2020-09-21,NA,NA,NA,NA,NA,NA,testing
I02,2020-09-21,NA,NA,NA,NA,NA,NA,testing
I03,2020-09-21,NA,NA,NA,NA,NA,NA,testing
I04,2020-09-21,NA,NA,NA,NA,NA,NA,testing
I05,2020-09-21,NA,NA,NA,NA,NA,NA,testing
I06,2020-09-21,NA,NA,NA,NA,NA,NA,testing
I07,2020-09-21,NA,NA,NA,NA,NA,NA,testing
I08,2020-09-21,NA,NA,NA,NA,NA,NA,testing
I09,2020-09-21,NA,NA,NA,NA,NA,NA,testing
I10,2020-09-21,NA,NA,NA,NA,NA,NA,testing
I11,2020-09-21,NA,NA,NA,NA,NA,NA,testing
I12,2020-09-21,NA,NA,NA,NA,NA,NA,testing
I13,2020-09-21,NA,NA,NA,NA,NA,NA,testing
I14,2020-09-21,NA,NA,NA,NA,NA,NA,testing
I15,2020-09-21,NA,NA,NA,NA,NA,NA,testing
I16,2020-09-21,NA,NA,NA,NA,NA,NA,testing
A01,2020-09-22,31,46,26,45,92,94,testing
A02,2020-09-22,38,72,39,87,20,85,testing
A03,2020-09-22,45,72,39,98,71,85,testing
B02,2020-09-22,48,48,92,92,52,52,testing
B03,2020-09-22,48,48,92,92,52,52,testing
B04,2020-09-22,48,48,92,92,52,52,testing
B05,2020-09-22,34,98,21,86,42,82,testing
B06,2020-09-22,25,51,28,86,56,82,testing
B07,2020-09-22,25,98,28,90,56,94,testing
B08,2020-09-22,32,94,35,98,34,87,testing
B09,2020-09-22,32,63,23,76,39,87,testing
C01,2020-09-22,36,87,58,100,30,43,testing
C02,2020-09-22,76,87,54,100,30,91,testing
C03,2020-09-22,44,74,26,91,24,79,testing
C04,2020-09-22,26,93,23,83,42,93,testing
D01,2020-09-22,34,89,28,53,29,85,testing
D02,2020-09-22,23,92,48,92,21,73,testing
D03,2020-09-22,22,87,25,86,30,98,testing
D04,2020-09-22,20,99,22,98,24,99,testing
E01,2020-09-22,29,73,32,80,59,98,testing
E02,2020-09-22,41,87,29,73,26,98,testing
E03,2020-09-22,32,87,29,76,26,94,testing
E04,2020-09-22,41,88,22,94,29,86,testing
E05,2020-09-22,28,75,23,69,30,68,testing
E06,2020-09-22,28,83,23,96,20,93,testing
E07,2020-09-22,28,97,24,95,30,74,testing
E08,2020-09-22,50,97,26,96,21,90,testing
E09,2020-09-22,26,97,25,99,32,99,testing
F02,2020-09-22,24,68,68,92,51,83,testing
F03,2020-09-22,28,72,42,92,26,83,testing
F04,2020-09-22,24,83,25,93,24,67,testing
F05,2020-09-22,60,60,40,40,23,23,testing
F06,2020-09-22,50,93,31,93,22,96,testing
F07,2020-09-22,21,74,40,68,23,83,testing
G01,2020-09-22,63,63,30,30,49,49,testing
G02,2020-09-22,21,63,30,65,27,82,testing
G03,2020-09-22,50,87,37,96,27,51,testing
G04,2020-09-22,39,88,23,68,28,88,testing
G05,2020-09-22,39,88,23,97,21,65,testing
G06,2020-09-22,34,83,21,57,24,65,testing
G07,2020-09-22,34,74,21,57,27,65,testing
G08,2020-09-22,38,38,65,65,78,78,testing
H01,2020-09-22,34,91,21,94,24,95,testing
H02,2020-09-22,86,91,22,94,55,95,testing
H03,2020-09-22,71,71,74,74,47,47,testing
H04,2020-09-22,34,66,21,26,35,53,testing
H05,2020-09-22,24,79,21,78,24,53,testing
H06,2020-09-22,34,91,21,94,24,95,testing
B01,2020-09-22,NA,NA,NA,NA,NA,NA,testing
B10,2020-09-22,NA,NA,NA,NA,NA,NA,testing
F01,2020-09-22,NA,NA,NA,NA,NA,NA,testing
F08,2020-09-22,NA,NA,NA,NA,NA,NA,testing
F09,2020-09-22,NA,NA,NA,NA,NA,NA,testing
G09,2020-09-22,NA,NA,NA,NA,NA,NA,testing
G10,2020-09-22,NA,NA,NA,NA,NA,NA,testing
G11,2020-09-22,NA,NA,NA,NA,NA,NA,testing
G12,2020-09-22,NA,NA,NA,NA,NA,NA,testing
I01,2020-09-22,NA,NA,NA,NA,NA,NA,testing
I02,2020-09-22,NA,NA,NA,NA,NA,NA,testing
I03,2020-09-22,NA,NA,NA,NA,NA,NA,testing
I04,2020-09-22,NA,NA,NA,NA,NA,NA,testing
I05,2020-09-22,NA,NA,NA,NA,NA,NA,testing
I06,2020-09-22,NA,NA,NA,NA,NA,NA,testing
I07,2020-09-22,NA,NA,NA,NA,NA,NA,testing
I08,2020-09-22,NA,NA,NA,NA,NA,NA,testing
I09,2020-09-22,NA,NA,NA,NA,NA,NA,testing
I10,2020-09-22,NA,NA,NA,NA,NA,NA,testing
I11,2020-09-22,NA,NA,NA,NA,NA,NA,testing
I12,2020-09-22,NA,NA,NA,NA,NA,NA,testing
I13,2020-09-22,NA,NA,NA,NA,NA,NA,testing
I14,2020-09-22,NA,NA,NA,NA,NA,NA,testing
I15,2020-09-22,NA,NA,NA,NA,NA,NA,testing
I16,2020-09-22,NA,NA,NA,NA,NA,NA,testing
A01,2020-09-23,27,87,29,42,29,33,testing
A02,2020-09-23,25,95,33,85,22,76,testing
A03,2020-09-23,25,43,69,72,53,100,testing
B02,2020-09-23,75,75,56,56,40,40,testing
B03,2020-09-23,75,75,56,56,40,40,testing
B04,2020-09-23,75,75,56,56,40,40,testing
B05,2020-09-23,25,81,22,86,29,72,testing
B06,2020-09-23,60,69,22,66,29,37,testing
B07,2020-09-23,25,83,20,97,29,86,testing
B08,2020-09-23,27,87,53,97,23,94,testing
B09,2020-09-23,33,88,30,82,49,94,testing
C01,2020-09-23,21,25,24,34,25,93,testing
C02,2020-09-23,21,38,24,69,65,93,testing
C03,2020-09-23,46,48,94,99,21,74,testing
C04,2020-09-23,30,89,27,100,22,94,testing
D01,2020-09-23,32,80,46,100,27,60,testing
D02,2020-09-23,24,73,46,78,37,84,testing
D03,2020-09-23,33,100,47,89,23,76,testing
D04,2020-09-23,21,100,24,91,21,100,testing
E01,2020-09-23,21,92,24,90,33,88,testing
E02,2020-09-23,21,74,22,97,33,88,testing
E03,2020-09-23,22,82,22,97,32,99,testing
E04,2020-09-23,35,97,31,91,38,99,testing
E05,2020-09-23,45,92,28,78,62,95,testing
E06,2020-09-23,53,97,24,93,47,97,testing
E07,2020-09-23,45,64,26,74,26,95,testing
E08,2020-09-23,27,72,26,98,20,78,testing
E09,2020-09-23,36,96,22,93,20,90,testing
F02,2020-09-23,27,46,47,79,21,98,testing
F03,2020-09-23,27,99,27,79,35,88,testing
F04,2020-09-23,36,96,29,93,28,98,testing
F05,2020-09-23,67,67,86,86,90,90,testing
F06,2020-09-23,42,92,32,88,32,98,testing
F07,2020-09-23,27,92,44,86,36,90,testing
G01,2020-09-23,48,48,78,78,89,89,testing
G02,2020-09-23,36,92,44,81,27,94,testing
G03,2020-09-23,51,96,44,61,29,95,testing
G04,2020-09-23,24,96,45,61,43,98,testing
G05,2020-09-23,27,71,50,77,50,98,testing
G06,2020-09-23,37,84,29,73,28,75,testing
G07,2020-09-23,55,92,36,50,36,75,testing
G08,2020-09-23,80,80,60,60,94,94,testing
H01,2020-09-23,34,88,36,100,64,93,testing
H02,2020-09-23,34,56,35,100,59,84,testing
H03,2020-09-23,57,57,31,31,87,87,testing
H04,2020-09-23,73,84,36,71,64,70,testing
H05,2020-09-23,51,73,36,92,55,93,testing
H06,2020-09-23,34,94,31,100,64,93,testing
B01,2020-09-23,NA,NA,NA,NA,NA,NA,testing
B10,2020-09-23,NA,NA,NA,NA,NA,NA,testing
F01,2020-09-23,NA,NA,NA,NA,NA,NA,testing
F08,2020-09-23,NA,NA,NA,NA,NA,NA,testing
F09,2020-09-23,NA,NA,NA,NA,NA,NA,testing
G09,2020-09-23,NA,NA,NA,NA,NA,NA,testing
G10,2020-09-23,NA,NA,NA,NA,NA,NA,testing
G11,2020-09-23,NA,NA,NA,NA,NA,NA,testing
G12,2020-09-23,NA,NA,NA,NA,NA,NA,testing
I01,2020-09-23,NA,NA,NA,NA,NA,NA,testing
I02,2020-09-23,NA,NA,NA,NA,NA,NA,testing
I03,2020-09-23,NA,NA,NA,NA,NA,NA,testing
I04,2020-09-23,NA,NA,NA,NA,NA,NA,testing
I05,2020-09-23,NA,NA,NA,NA,NA,NA,testing
I06,2020-09-23,NA,NA,NA,NA,NA,NA,testing
I07,2020-09-23,NA,NA,NA,NA,NA,NA,testing
I08,2020-09-23,NA,NA,NA,NA,NA,NA,testing
I09,2020-09-23,NA,NA,NA,NA,NA,NA,testing
I10,2020-09-23,NA,NA,NA,NA,NA,NA,testing
I11,2020-09-23,NA,NA,NA,NA,NA,NA,testing
I12,2020-09-23,NA,NA,NA,NA,NA,NA,testing
I13,2020-09-23,NA,NA,NA,NA,NA,NA,testing
I14,2020-09-23,NA,NA,NA,NA,NA,NA,testing
I15,2020-09-23,NA,NA,NA,NA,NA,NA,testing
I16,2020-09-23,NA,NA,NA,NA,NA,NA,testing
A01,2020-09-24,52,63,69,73,50,66,testing
A02,2020-09-24,22,72,25,95,49,97,testing
A03,2020-09-24,70,81,36,66,29,59,testing
B02,2020-09-24,87,87,32,32,64,64,testing
B03,2020-09-24,87,87,32,32,64,64,testing
B04,2020-09-24,87,87,32,32,64,64,testing
B05,2020-09-24,40,92,22,88,23,96,testing
B06,2020-09-24,40,92,29,88,41,63,testing
B07,2020-09-24,25,92,29,99,21,64,testing
B08,2020-09-24,25,97,24,99,21,91,testing
B09,2020-09-24,28,97,35,66,32,86,testing
C01,2020-09-24,26,90,24,43,70,88,testing
C02,2020-09-24,26,39,24,76,70,95,testing
C03,2020-09-24,94,99,71,82,61,63,testing
C04,2020-09-24,22,62,32,89,25,91,testing
D01,2020-09-24,21,57,20,89,39,94,testing
D02,2020-09-24,31,100,26,79,64,98,testing
D03,2020-09-24,22,55,26,98,22,98,testing
D04,2020-09-24,46,94,29,95,22,68,testing
E01,2020-09-24,73,80,29,80,61,64,testing
E02,2020-09-24,34,80,25,87,43,64,testing
E03,2020-09-24,34,99,25,93,43,77,testing
E04,2020-09-24,27,90,24,73,23,82,testing
E05,2020-09-24,31,88,49,89,53,87,testing
E06,2020-09-24,28,100,42,99,26,88,testing
E07,2020-09-24,31,61,22,80,80,88,testing
E08,2020-09-24,30,85,66,99,27,95,testing
E09,2020-09-24,38,90,21,99,21,95,testing
F02,2020-09-24,34,76,47,98,44,93,testing
F03,2020-09-24,34,67,28,58,33,47,testing
F04,2020-09-24,40,90,21,91,21,87,testing
F05,2020-09-24,33,33,83,83,32,32,testing
F06,2020-09-24,36,99,37,94,36,91,testing
F07,2020-09-24,33,99,29,94,32,88,testing
G01,2020-09-24,90,90,34,34,38,38,testing
G02,2020-09-24,27,99,29,94,21,88,testing
G03,2020-09-24,40,99,23,94,25,88,testing
G04,2020-09-24,40,99,38,78,47,87,testing
G05,2020-09-24,77,99,38,60,37,76,testing
G06,2020-09-24,40,99,36,90,22,87,testing
G07,2020-09-24,40,99,45,94,75,88,testing
G08,2020-09-24,57,57,41,41,64,64,testing
H01,2020-09-24,26,99,23,78,55,97,testing
H02,2020-09-24,78,94,23,87,26,97,testing
H03,2020-09-24,34,34,85,85,39,39,testing
H04,2020-09-24,84,95,37,45,45,75,testing
H05,2020-09-24,32,84,45,94,52,87,testing
H06,2020-09-24,52,99,23,78,43,97,testing
B01,2020-09-24,NA,NA,NA,NA,NA,NA,testing
B10,2020-09-24,NA,NA,NA,NA,NA,NA,testing
F01,2020-09-24,NA,NA,NA,NA,NA,NA,testing
F08,2020-09-24,NA,NA,NA,NA,NA,NA,testing
F09,2020-09-24,NA,NA,NA,NA,NA,NA,testing
G09,2020-09-24,NA,NA,NA,NA,NA,NA,testing
G10,2020-09-24,NA,NA,NA,NA,NA,NA,testing
G11,2020-09-24,NA,NA,NA,NA,NA,NA,testing
G12,2020-09-24,NA,NA,NA,NA,NA,NA,testing
I01,2020-09-24,NA,NA,NA,NA,NA,NA,testing
I02,2020-09-24,NA,NA,NA,NA,NA,NA,testing
I03,2020-09-24,NA,NA,NA,NA,NA,NA,testing
I04,2020-09-24,NA,NA,NA,NA,NA,NA,testing
I05,2020-09-24,NA,NA,NA,NA,NA,NA,testing
I06,2020-09-24,NA,NA,NA,NA,NA,NA,testing
I07,2020-09-24,NA,NA,NA,NA,NA,NA,testing
I08,2020-09-24,NA,NA,NA,NA,NA,NA,testing
I09,2020-09-24,NA,NA,NA,NA,NA,NA,testing
I10,2020-09-24,NA,NA,NA,NA,NA,NA,testing
I11,2020-09-24,NA,NA,NA,NA,NA,NA,testing
I12,2020-09-24,NA,NA,NA,NA,NA,NA,testing
I13,2020-09-24,NA,NA,NA,NA,NA,NA,testing
I14,2020-09-24,NA,NA,NA,NA,NA,NA,testing
I15,2020-09-24,NA,NA,NA,NA,NA,NA,testing
I16,2020-09-24,NA,NA,NA,NA,NA,NA,testing
A01,2020-09-26,32,44,33,66,48,55,testing
A02,2020-09-26,31,80,33,83,60,98,testing
A03,2020-09-26,28,60,42,74,29,76,testing
B02,2020-09-26,60,60,41,41,96,96,testing
B03,2020-09-26,60,60,41,41,96,96,testing
B04,2020-09-26,60,60,41,41,96,96,testing
B05,2020-09-26,37,74,27,70,32,81,testing
B06,2020-09-26,37,72,27,96,32,67,testing
B07,2020-09-26,37,88,27,96,32,67,testing
B08,2020-09-26,28,88,40,94,42,86,testing
B09,2020-09-26,33,86,50,84,24,86,testing
C01,2020-09-26,26,42,22,83,62,96,testing
C02,2020-09-26,42,79,22,53,48,96,testing
C03,2020-09-26,30,61,36,63,26,49,testing
C04,2020-09-26,25,96,47,93,36,97,testing
D01,2020-09-26,49,94,25,75,41,80,testing
D02,2020-09-26,28,90,25,86,39,85,testing
D03,2020-09-26,28,89,21,94,24,93,testing
D04,2020-09-26,23,96,21,97,26,98,testing
E01,2020-09-26,40,96,52,97,57,79,testing
E02,2020-09-26,20,96,52,68,27,99,testing
E03,2020-09-26,20,92,21,82,26,99,testing
E04,2020-09-26,22,93,22,86,36,97,testing
E05,2020-09-26,20,40,34,94,38,87,testing
E06,2020-09-26,20,98,31,98,36,91,testing
E07,2020-09-26,21,82,42,92,21,76,testing
E08,2020-09-26,21,94,35,98,21,91,testing
E09,2020-09-26,35,98,26,100,21,99,testing
F02,2020-09-26,31,94,37,99,20,89,testing
F03,2020-09-26,27,70,37,99,20,89,testing
F04,2020-09-26,27,85,26,100,28,99,testing
F05,2020-09-26,81,81,63,63,70,70,testing
F06,2020-09-26,40,94,50,99,34,94,testing
F07,2020-09-26,31,94,37,99,20,78,testing
G01,2020-09-26,69,69,66,66,54,54,testing
G02,2020-09-26,41,94,48,99,20,92,testing
G03,2020-09-26,39,94,28,99,34,78,testing
G04,2020-09-26,39,94,22,96,41,91,testing
G05,2020-09-26,38,94,22,73,27,91,testing
G06,2020-09-26,39,95,22,96,53,99,testing
G07,2020-09-26,39,95,22,99,34,99,testing
G08,2020-09-26,41,41,65,65,92,92,testing
H01,2020-09-26,22,95,31,80,25,99,testing
H02,2020-09-26,20,22,24,32,25,49,testing
H03,2020-09-26,30,30,74,74,37,37,testing
H04,2020-09-26,72,95,80,93,90,99,testing
H05,2020-09-26,27,95,37,87,45,99,testing
H06,2020-09-26,22,95,22,92,41,99,testing
B01,2020-09-26,NA,NA,NA,NA,NA,NA,testing
B10,2020-09-26,NA,NA,NA,NA,NA,NA,testing
F01,2020-09-26,NA,NA,NA,NA,NA,NA,testing
F08,2020-09-26,NA,NA,NA,NA,NA,NA,testing
F09,2020-09-26,NA,NA,NA,NA,NA,NA,testing
G09,2020-09-26,NA,NA,NA,NA,NA,NA,testing
G10,2020-09-26,NA,NA,NA,NA,NA,NA,testing
G11,2020-09-26,NA,NA,NA,NA,NA,NA,testing
G12,2020-09-26,NA,NA,NA,NA,NA,NA,testing
I01,2020-09-26,NA,NA,NA,NA,NA,NA,testing
I02,2020-09-26,NA,NA,NA,NA,NA,NA,testing
I03,2020-09-26,NA,NA,NA,NA,NA,NA,testing
I04,2020-09-26,NA,NA,NA,NA,NA,NA,testing
I05,2020-09-26,NA,NA,NA,NA,NA,NA,testing
I06,2020-09-26,NA,NA,NA,NA,NA,NA,testing
I07,2020-09-26,NA,NA,NA,NA,NA,NA,testing
I08,2020-09-26,NA,NA,NA,NA,NA,NA,testing
I09,2020-09-26,NA,NA,NA,NA,NA,NA,testing
I10,2020-09-26,NA,NA,NA,NA,NA,NA,testing
I11,2020-09-26,NA,NA,NA,NA,NA,NA,testing
I12,2020-09-26,NA,NA,NA,NA,NA,NA,testing
I13,2020-09-26,NA,NA,NA,NA,NA,NA,testing
I14,2020-09-26,NA,NA,NA,NA,NA,NA,testing
I15,2020-09-26,NA,NA,NA,NA,NA,NA,testing
I16,2020-09-26,NA,NA,NA,NA,NA,NA,testing
A01,2020-09-27,33,99,51,61,49,91,testing
A02,2020-09-27,23,98,22,83,39,82,testing
A03,2020-09-27,55,98,21,26,64,72,testing
B02,2020-09-27,49,49,84,84,81,81,testing
B03,2020-09-27,49,49,84,84,81,81,testing
B04,2020-09-27,49,49,84,84,81,81,testing
B05,2020-09-27,46,96,46,97,26,63,testing
B06,2020-09-27,61,96,46,96,26,50,testing
B07,2020-09-27,24,96,46,96,26,76,testing
B08,2020-09-27,24,91,29,87,27,89,testing
B09,2020-09-27,21,59,29,91,47,96,testing
C01,2020-09-27,38,72,62,67,74,84,testing
C02,2020-09-27,72,91,29,67,74,94,testing
C03,2020-09-27,56,74,32,48,91,95,testing
C04,2020-09-27,25,85,25,86,21,80,testing
D01,2020-09-27,25,100,25,88,55,80,testing
D02,2020-09-27,50,66,58,99,23,94,testing
D03,2020-09-27,34,96,24,98,37,88,testing
D04,2020-09-27,33,84,25,87,20,93,testing
E01,2020-09-27,26,75,42,70,24,66,testing
E02,2020-09-27,26,88,42,70,24,98,testing
E03,2020-09-27,43,97,34,96,21,98,testing
E04,2020-09-27,30,53,57,97,28,84,testing
E05,2020-09-27,23,90,46,82,20,83,testing
E06,2020-09-27,23,84,26,82,37,100,testing
E07,2020-09-27,23,100,42,82,21,83,testing
E08,2020-09-27,47,100,41,96,21,91,testing
E09,2020-09-27,20,100,39,96,21,90,testing
F02,2020-09-27,21,98,22,64,22,68,testing
F03,2020-09-27,21,83,51,90,25,79,testing
F04,2020-09-27,23,99,28,87,25,81,testing
F05,2020-09-27,84,84,81,81,62,62,testing
F06,2020-09-27,48,95,27,97,52,88,testing
F07,2020-09-27,21,84,33,84,30,98,testing
G01,2020-09-27,73,73,51,51,76,76,testing
G02,2020-09-27,23,73,33,84,51,98,testing
G03,2020-09-27,33,75,20,94,33,73,testing
G04,2020-09-27,25,96,20,70,28,98,testing
G05,2020-09-27,68,99,32,90,25,98,testing
G06,2020-09-27,32,96,32,96,25,85,testing
G07,2020-09-27,44,96,32,84,47,85,testing
G08,2020-09-27,42,42,42,42,51,51,testing
H01,2020-09-27,20,69,29,84,44,85,testing
H02,2020-09-27,28,59,42,53,32,47,testing
H03,2020-09-27,30,30,46,46,81,81,testing
H04,2020-09-27,44,68,69,84,41,85,testing
H05,2020-09-27,44,99,31,84,44,85,testing
H06,2020-09-27,44,96,31,84,44,99,testing
B01,2020-09-27,NA,NA,NA,NA,NA,NA,testing
B10,2020-09-27,NA,NA,NA,NA,NA,NA,testing
F01,2020-09-27,NA,NA,NA,NA,NA,NA,testing
F08,2020-09-27,NA,NA,NA,NA,NA,NA,testing
F09,2020-09-27,NA,NA,NA,NA,NA,NA,testing
G09,2020-09-27,NA,NA,NA,NA,NA,NA,testing
G10,2020-09-27,NA,NA,NA,NA,NA,NA,testing
G11,2020-09-27,NA,NA,NA,NA,NA,NA,testing
G12,2020-09-27,NA,NA,NA,NA,NA,NA,testing
I01,2020-09-27,NA,NA,NA,NA,NA,NA,testing
I02,2020-09-27,NA,NA,NA,NA,NA,NA,testing
I03,2020-09-27,NA,NA,NA,NA,NA,NA,testing
I04,2020-09-27,NA,NA,NA,NA,NA,NA,testing
I05,2020-09-27,NA,NA,NA,NA,NA,NA,testing
I06,2020-09-27,NA,NA,NA,NA,NA,NA,testing
I07,2020-09-27,NA,NA,NA,NA,NA,NA,testing
I08,2020-09-27,NA,NA,NA,NA,NA,NA,testing
I09,2020-09-27,NA,NA,NA,NA,NA,NA,testing
I10,2020-09-27,NA,NA,NA,NA,NA,NA,testing
I11,2020-09-27,NA,NA,NA,NA,NA,NA,testing
I12,2020-09-27,NA,NA,NA,NA,NA,NA,testing
I13,2020-09-27,NA,NA,NA,NA,NA,NA,testing
I14,2020-09-27,NA,NA,NA,NA,NA,NA,testing
I15,2020-09-27,NA,NA,NA,NA,NA,NA,testing
I16,2020-09-27,NA,NA,NA,NA,NA,NA,testing
A01,2020-09-28,80,95,51,54,39,58,testing
A02,2020-09-28,44,93,48,96,24,90,testing
A03,2020-09-28,36,56,52,76,71,80,testing
B02,2020-09-28,76,76,94,94,81,81,testing
B03,2020-09-28,76,76,94,94,81,81,testing
B04,2020-09-28,76,76,94,94,81,81,testing
B05,2020-09-28,43,86,22,79,20,91,testing
B06,2020-09-28,47,86,39,80,32,91,testing
B07,2020-09-28,46,86,23,80,32,91,testing
B08,2020-09-28,26,92,22,89,28,94,testing
B09,2020-09-28,48,63,25,70,28,83,testing
C01,2020-09-28,82,99,48,61,55,82,testing
C02,2020-09-28,76,99,61,67,82,90,testing
C03,2020-09-28,66,81,43,76,61,61,testing
C04,2020-09-28,26,89,36,82,25,94,testing
D01,2020-09-28,49,78,50,80,48,92,testing
D02,2020-09-28,45,85,20,88,42,96,testing
D03,2020-09-28,24,93,24,98,23,83,testing
D04,2020-09-28,31,83,29,98,23,97,testing
E01,2020-09-28,82,93,21,90,57,76,testing
E02,2020-09-28,32,93,21,98,22,85,testing
E03,2020-09-28,32,77,26,98,22,85,testing
E04,2020-09-28,22,94,20,54,26,98,testing
E05,2020-09-28,70,90,25,72,49,87,testing
E06,2020-09-28,32,90,25,99,32,96,testing
E07,2020-09-28,86,95,25,85,59,87,testing
E08,2020-09-28,29,88,26,99,20,96,testing
E09,2020-09-28,49,96,26,85,25,96,testing
F02,2020-09-28,64,88,25,85,65,100,testing
F03,2020-09-28,83,98,26,89,89,100,testing
F04,2020-09-28,45,78,44,92,38,90,testing
F05,2020-09-28,28,28,72,72,50,50,testing
F06,2020-09-28,52,74,31,92,46,88,testing
F07,2020-09-28,25,84,26,98,47,100,testing
G01,2020-09-28,87,87,99,99,87,87,testing
G02,2020-09-28,25,95,36,99,29,96,testing
G03,2020-09-28,46,92,21,85,30,85,testing
G04,2020-09-28,28,92,32,85,26,63,testing
G05,2020-09-28,21,65,32,72,26,63,testing
G06,2020-09-28,25,78,23,82,29,76,testing
G07,2020-09-28,65,78,32,82,48,74,testing
G08,2020-09-28,95,95,86,86,50,50,testing
H01,2020-09-28,34,77,50,98,31,66,testing
H02,2020-09-28,50,77,39,98,31,50,testing
H03,2020-09-28,74,74,65,65,28,28,testing
H04,2020-09-28,25,72,23,82,29,50,testing
H05,2020-09-28,59,96,40,88,33,86,testing
H06,2020-09-28,59,89,32,98,31,63,testing
B01,2020-09-28,NA,NA,NA,NA,NA,NA,testing
B10,2020-09-28,NA,NA,NA,NA,NA,NA,testing
F01,2020-09-28,NA,NA,NA,NA,NA,NA,testing
F08,2020-09-28,NA,NA,NA,NA,NA,NA,testing
F09,2020-09-28,NA,NA,NA,NA,NA,NA,testing
G09,2020-09-28,NA,NA,NA,NA,NA,NA,testing
G10,2020-09-28,NA,NA,NA,NA,NA,NA,testing
G11,2020-09-28,NA,NA,NA,NA,NA,NA,testing
G12,2020-09-28,NA,NA,NA,NA,NA,NA,testing
I01,2020-09-28,NA,NA,NA,NA,NA,NA,testing
I02,2020-09-28,NA,NA,NA,NA,NA,NA,testing
I03,2020-09-28,NA,NA,NA,NA,NA,NA,testing
I04,2020-09-28,NA,NA,NA,NA,NA,NA,testing
I05,2020-09-28,NA,NA,NA,NA,NA,NA,testing
I06,2020-09-28,NA,NA,NA,NA,NA,NA,testing
I07,2020-09-28,NA,NA,NA,NA,NA,NA,testing
I08,2020-09-28,NA,NA,NA,NA,NA,NA,testing
I09,2020-09-28,NA,NA,NA,NA,NA,NA,testing
I10,2020-09-28,NA,NA,NA,NA,NA,NA,testing
I11,2020-09-28,NA,NA,NA,NA,NA,NA,testing
I12,2020-09-28,NA,NA,NA,NA,NA,NA,testing
I13,2020-09-28,NA,NA,NA,NA,NA,NA,testing
I14,2020-09-28,NA,NA,NA,NA,NA,NA,testing
I15,2020-09-28,NA,NA,NA,NA,NA,NA,testing
I16,2020-09-28,NA,NA,NA,NA,NA,NA,testing
A01,2020-09-29,83,88,34,76,43,99,testing
A02,2020-09-29,22,98,27,90,28,66,testing
A03,2020-09-29,28,41,49,86,23,30,testing
B02,2020-09-29,37,37,34,34,42,42,testing
B03,2020-09-29,37,37,34,34,42,42,testing
B04,2020-09-29,37,37,34,34,42,42,testing
B05,2020-09-29,27,77,38,94,33,89,testing
B06,2020-09-29,40,77,38,71,33,89,testing
B07,2020-09-29,30,77,22,71,26,89,testing
B08,2020-09-29,29,99,22,77,22,98,testing
B09,2020-09-29,29,85,26,96,40,65,testing
C01,2020-09-29,45,73,34,64,24,46,testing
C02,2020-09-29,45,68,36,64,24,62,testing
C03,2020-09-29,38,61,29,70,21,24,testing
C04,2020-09-29,27,99,24,64,21,89,testing
D01,2020-09-29,32,97,24,91,21,75,testing
D02,2020-09-29,40,95,61,98,26,59,testing
D03,2020-09-29,24,97,38,95,33,76,testing
D04,2020-09-29,25,99,24,91,22,95,testing
E01,2020-09-29,45,90,30,86,22,96,testing
E02,2020-09-29,24,94,30,80,40,96,testing
E03,2020-09-29,24,94,30,89,24,90,testing
E04,2020-09-29,42,92,52,100,63,84,testing
E05,2020-09-29,33,96,22,42,22,77,testing
E06,2020-09-29,25,90,21,84,23,91,testing
E07,2020-09-29,24,55,42,74,77,94,testing
E08,2020-09-29,24,96,44,99,20,94,testing
E09,2020-09-29,24,93,20,88,32,94,testing
F02,2020-09-29,21,95,22,96,22,98,testing
F03,2020-09-29,26,95,22,69,33,98,testing
F04,2020-09-29,21,93,26,92,22,91,testing
F05,2020-09-29,70,70,88,88,54,54,testing
F06,2020-09-29,25,94,23,99,23,95,testing
F07,2020-09-29,66,95,22,99,22,54,testing
G01,2020-09-29,89,89,98,98,80,80,testing
G02,2020-09-29,57,94,22,99,23,92,testing
G03,2020-09-29,27,94,36,99,22,98,testing
G04,2020-09-29,27,87,38,100,22,95,testing
G05,2020-09-29,36,98,33,100,24,63,testing
G06,2020-09-29,31,87,41,96,21,63,testing
G07,2020-09-29,58,94,41,99,22,63,testing
G08,2020-09-29,74,74,54,54,83,83,testing
H01,2020-09-29,31,97,22,80,52,81,testing
H02,2020-09-29,72,74,67,68,55,77,testing
H03,2020-09-29,52,52,54,54,66,66,testing
H04,2020-09-29,31,72,75,80,48,54,testing
H05,2020-09-29,31,95,52,88,37,83,testing
H06,2020-09-29,31,72,50,96,54,100,testing
B01,2020-09-29,NA,NA,NA,NA,NA,NA,testing
B10,2020-09-29,NA,NA,NA,NA,NA,NA,testing
F01,2020-09-29,NA,NA,NA,NA,NA,NA,testing
F08,2020-09-29,NA,NA,NA,NA,NA,NA,testing
F09,2020-09-29,NA,NA,NA,NA,NA,NA,testing
G09,2020-09-29,NA,NA,NA,NA,NA,NA,testing
G10,2020-09-29,NA,NA,NA,NA,NA,NA,testing
G11,2020-09-29,NA,NA,NA,NA,NA,NA,testing
G12,2020-09-29,NA,NA,NA,NA,NA,NA,testing
I01,2020-09-29,NA,NA,NA,NA,NA,NA,testing
I02,2020-09-29,NA,NA,NA,NA,NA,NA,testing
I03,2020-09-29,NA,NA,NA,NA,NA,NA,testing
I04,2020-09-29,NA,NA,NA,NA,NA,NA,testing
I05,2020-09-29,NA,NA,NA,NA,NA,NA,testing
I06,2020-09-29,NA,NA,NA,NA,NA,NA,testing
I07,2020-09-29,NA,NA,NA,NA,NA,NA,testing
I08,2020-09-29,NA,NA,NA,NA,NA,NA,testing
I09,2020-09-29,NA,NA,NA,NA,NA,NA,testing
I10,2020-09-29,NA,NA,NA,NA,NA,NA,testing
I11,2020-09-29,NA,NA,NA,NA,NA,NA,testing
I12,2020-09-29,NA,NA,NA,NA,NA,NA,testing
I13,2020-09-29,NA,NA,NA,NA,NA,NA,testing
I14,2020-09-29,NA,NA,NA,NA,NA,NA,testing
I15,2020-09-29,NA,NA,NA,NA,NA,NA,testing
I16,2020-09-29,NA,NA,NA,NA,NA,NA,testing
A01,2020-09-30,59,91,78,97,70,86,testing
A02,2020-09-30,24,89,24,98,46,92,testing
A03,2020-09-30,78,78,48,63,47,60,testing
B02,2020-09-30,61,61,79,79,59,59,testing
B03,2020-09-30,61,61,79,79,59,59,testing
B04,2020-09-30,61,61,79,79,59,59,testing
B05,2020-09-30,22,84,64,76,66,94,testing
B06,2020-09-30,22,51,49,76,21,93,testing
B07,2020-09-30,22,75,24,96,21,95,testing
B08,2020-09-30,27,90,22,96,31,97,testing
B09,2020-09-30,65,92,22,95,30,39,testing
C01,2020-09-30,34,73,47,83,35,76,testing
C02,2020-09-30,34,92,60,83,31,76,testing
C03,2020-09-30,92,92,50,65,26,99,testing
C04,2020-09-30,22,91,55,94,56,94,testing
D01,2020-09-30,40,84,30,87,35,78,testing
D02,2020-09-30,27,84,33,94,44,82,testing
D03,2020-09-30,23,99,20,95,25,59,testing
D04,2020-09-30,33,97,29,91,37,88,testing
E01,2020-09-30,38,90,36,94,55,88,testing
E02,2020-09-30,22,90,36,94,55,99,testing
E03,2020-09-30,22,95,42,91,33,99,testing
E04,2020-09-30,32,71,31,81,68,95,testing
E05,2020-09-30,29,91,22,79,46,98,testing
E06,2020-09-30,26,91,31,79,20,91,testing
E07,2020-09-30,29,73,26,79,21,57,testing
E08,2020-09-30,25,91,26,94,21,91,testing
E09,2020-09-30,26,96,22,99,21,94,testing
F02,2020-09-30,52,68,45,89,31,86,testing
F03,2020-09-30,40,68,52,70,28,93,testing
F04,2020-09-30,27,97,22,96,48,99,testing
F05,2020-09-30,95,95,22,22,66,66,testing
F06,2020-09-30,32,97,38,100,38,81,testing
F07,2020-09-30,30,95,22,70,31,66,testing
G01,2020-09-30,96,96,88,88,83,83,testing
G02,2020-09-30,37,96,22,88,44,98,testing
G03,2020-09-30,30,100,28,89,36,100,testing
G04,2020-09-30,24,100,28,83,56,100,testing
G05,2020-09-30,28,92,28,83,72,80,testing
G06,2020-09-30,30,92,28,43,43,90,testing
G07,2020-09-30,30,92,28,49,52,80,testing
G08,2020-09-30,37,37,34,34,98,98,testing
H01,2020-09-30,37,91,34,98,53,82,testing
H02,2020-09-30,45,78,54,81,82,88,testing
H03,2020-09-30,34,34,74,74,67,67,testing
H04,2020-09-30,47,56,29,34,73,90,testing
H05,2020-09-30,56,99,24,98,35,87,testing
H06,2020-09-30,46,92,22,98,31,82,testing
B01,2020-09-30,NA,NA,NA,NA,NA,NA,testing
B10,2020-09-30,NA,NA,NA,NA,NA,NA,testing
F01,2020-09-30,NA,NA,NA,NA,NA,NA,testing
F08,2020-09-30,NA,NA,NA,NA,NA,NA,testing
F09,2020-09-30,NA,NA,NA,NA,NA,NA,testing
G09,2020-09-30,NA,NA,NA,NA,NA,NA,testing
G10,2020-09-30,NA,NA,NA,NA,NA,NA,testing
G11,2020-09-30,NA,NA,NA,NA,NA,NA,testing
G12,2020-09-30,NA,NA,NA,NA,NA,NA,testing
I01,2020-09-30,NA,NA,NA,NA,NA,NA,testing
I02,2020-09-30,NA,NA,NA,NA,NA,NA,testing
I03,2020-09-30,NA,NA,NA,NA,NA,NA,testing
I04,2020-09-30,NA,NA,NA,NA,NA,NA,testing
I05,2020-09-30,NA,NA,NA,NA,NA,NA,testing
I06,2020-09-30,NA,NA,NA,NA,NA,NA,testing
I07,2020-09-30,NA,NA,NA,NA,NA,NA,testing
I08,2020-09-30,NA,NA,NA,NA,NA,NA,testing
I09,2020-09-30,NA,NA,NA,NA,NA,NA,testing
I10,2020-09-30,NA,NA,NA,NA,NA,NA,testing
I11,2020-09-30,NA,NA,NA,NA,NA,NA,testing
I12,2020-09-30,NA,NA,NA,NA,NA,NA,testing
I13,2020-09-30,NA,NA,NA,NA,NA,NA,testing
I14,2020-09-30,NA,NA,NA,NA,NA,NA,testing
I15,2020-09-30,NA,NA,NA,NA,NA,NA,testing
I16,2020-09-30,NA,NA,NA,NA,NA,NA,testing
A01,2020-10-01,22,65,29,66,33,89,testing
A02,2020-10-01,24,83,50,96,22,96,testing
A03,2020-10-01,38,65,52,96,63,79,testing
B02,2020-10-01,77,77,55,55,92,92,testing
B03,2020-10-01,77,77,55,55,92,92,testing
B04,2020-10-01,77,77,55,55,92,92,testing
B05,2020-10-01,21,82,20,97,34,93,testing
B06,2020-10-01,21,97,20,69,34,93,testing
B07,2020-10-01,21,97,20,74,30,93,testing
B08,2020-10-01,36,94,21,91,30,99,testing
B09,2020-10-01,33,70,37,58,54,99,testing
C01,2020-10-01,84,89,73,91,25,72,testing
C02,2020-10-01,28,89,86,91,72,90,testing
C03,2020-10-01,38,73,76,84,74,91,testing
C04,2020-10-01,23,96,25,99,28,98,testing
D01,2020-10-01,20,56,25,43,28,80,testing
D02,2020-10-01,32,91,36,98,36,97,testing
D03,2020-10-01,21,89,32,93,51,87,testing
D04,2020-10-01,21,78,33,93,41,99,testing
E01,2020-10-01,44,73,39,80,36,90,testing
E02,2020-10-01,31,79,60,97,36,90,testing
E03,2020-10-01,31,88,36,97,25,95,testing
E04,2020-10-01,22,75,30,94,37,94,testing
E05,2020-10-01,25,48,21,82,26,96,testing
E06,2020-10-01,25,84,21,89,42,96,testing
E07,2020-10-01,25,88,21,97,47,96,testing
E08,2020-10-01,57,88,24,93,36,92,testing
E09,2020-10-01,28,88,23,100,22,93,testing
F02,2020-10-01,29,86,34,94,27,70,testing
F03,2020-10-01,29,73,34,94,24,74,testing
F04,2020-10-01,24,85,23,100,22,88,testing
F05,2020-10-01,91,91,87,87,31,31,testing
F06,2020-10-01,34,79,24,70,28,98,testing
F07,2020-10-01,34,91,24,87,31,98,testing
G01,2020-10-01,61,61,72,72,70,70,testing
G02,2020-10-01,32,87,24,100,24,98,testing
G03,2020-10-01,22,92,24,89,25,98,testing
G04,2020-10-01,39,94,26,93,31,72,testing
G05,2020-10-01,62,94,37,93,31,98,testing
G06,2020-10-01,20,91,26,93,32,64,testing
G07,2020-10-01,20,91,24,93,32,98,testing
G08,2020-10-01,51,51,41,41,24,24,testing
H01,2020-10-01,20,85,37,97,21,64,testing
H02,2020-10-01,31,58,37,59,52,60,testing
H03,2020-10-01,85,85,34,34,42,42,testing
H04,2020-10-01,20,58,52,53,32,64,testing
H05,2020-10-01,20,66,22,96,42,90,testing
H06,2020-10-01,20,91,37,96,32,64,testing
B01,2020-10-01,NA,NA,NA,NA,NA,NA,testing
B10,2020-10-01,NA,NA,NA,NA,NA,NA,testing
F01,2020-10-01,NA,NA,NA,NA,NA,NA,testing
F08,2020-10-01,NA,NA,NA,NA,NA,NA,testing
F09,2020-10-01,NA,NA,NA,NA,NA,NA,testing
G09,2020-10-01,NA,NA,NA,NA,NA,NA,testing
G10,2020-10-01,NA,NA,NA,NA,NA,NA,testing
G11,2020-10-01,NA,NA,NA,NA,NA,NA,testing
G12,2020-10-01,NA,NA,NA,NA,NA,NA,testing
I01,2020-10-01,NA,NA,NA,NA,NA,NA,testing
I02,2020-10-01,NA,NA,NA,NA,NA,NA,testing
I03,2020-10-01,NA,NA,NA,NA,NA,NA,testing
I04,2020-10-01,NA,NA,NA,NA,NA,NA,testing
I05,2020-10-01,NA,NA,NA,NA,NA,NA,testing
I06,2020-10-01,NA,NA,NA,NA,NA,NA,testing
I07,2020-10-01,NA,NA,NA,NA,NA,NA,testing
I08,2020-10-01,NA,NA,NA,NA,NA,NA,testing
I09,2020-10-01,NA,NA,NA,NA,NA,NA,testing
I10,2020-10-01,NA,NA,NA,NA,NA,NA,testing
I11,2020-10-01,NA,NA,NA,NA,NA,NA,testing
I12,2020-10-01,NA,NA,NA,NA,NA,NA,testing
I13,2020-10-01,NA,NA,NA,NA,NA,NA,testing
I14,2020-10-01,NA,NA,NA,NA,NA,NA,testing
I15,2020-10-01,NA,NA,NA,NA,NA,NA,testing
I16,2020-10-01,NA,NA,NA,NA,NA,NA,testing
A01,2020-10-02,48,72,58,92,65,66,testing
A02,2020-10-02,34,94,34,96,33,95,testing
A03,2020-10-02,52,69,34,86,33,34,testing
B02,2020-10-02,42,42,49,49,69,69,testing
B03,2020-10-02,42,42,49,49,69,69,testing
B04,2020-10-02,42,42,49,49,69,69,testing
B05,2020-10-02,38,80,34,88,60,90,testing
B06,2020-10-02,38,80,53,74,45,90,testing
B07,2020-10-02,21,86,34,92,32,90,testing
B08,2020-10-02,38,86,30,85,24,84,testing
B09,2020-10-02,23,59,30,97,24,84,testing
C01,2020-10-02,44,81,37,45,72,84,testing
C02,2020-10-02,81,87,45,57,39,84,testing
C03,2020-10-02,29,51,68,98,28,50,testing
C04,2020-10-02,50,96,23,91,31,90,testing
D01,2020-10-02,36,96,34,70,22,90,testing
D02,2020-10-02,40,94,21,89,39,100,testing
D03,2020-10-02,29,89,26,99,25,74,testing
D04,2020-10-02,39,96,24,99,23,88,testing
E01,2020-10-02,56,96,59,90,23,69,testing
E02,2020-10-02,28,61,24,90,23,79,testing
E03,2020-10-02,27,93,23,74,40,96,testing
E04,2020-10-02,29,94,22,94,27,71,testing
E05,2020-10-02,34,87,29,48,26,100,testing
E06,2020-10-02,30,99,26,77,21,87,testing
E07,2020-10-02,32,87,48,96,26,86,testing
E08,2020-10-02,32,75,62,98,30,82,testing
E09,2020-10-02,26,99,40,98,22,91,testing
F02,2020-10-02,36,90,49,90,24,97,testing
F03,2020-10-02,25,80,65,100,33,99,testing
F04,2020-10-02,27,91,23,85,20,91,testing
F05,2020-10-02,25,25,94,94,86,86,testing
F06,2020-10-02,59,97,42,77,22,74,testing
F07,2020-10-02,25,80,66,94,33,86,testing
G01,2020-10-02,42,42,99,99,38,38,testing
G02,2020-10-02,25,80,22,99,34,74,testing
G03,2020-10-02,46,94,49,85,24,81,testing
G04,2020-10-02,26,94,36,80,55,90,testing
G05,2020-10-02,26,48,36,98,55,79,testing
G06,2020-10-02,24,93,36,96,20,91,testing
G07,2020-10-02,24,80,36,77,47,74,testing
G08,2020-10-02,39,39,88,88,73,73,testing
H01,2020-10-02,24,80,34,55,47,76,testing
H02,2020-10-02,61,73,33,48,32,76,testing
H03,2020-10-02,49,49,29,29,24,24,testing
H04,2020-10-02,24,60,55,96,47,91,testing
H05,2020-10-02,22,80,54,73,47,67,testing
H06,2020-10-02,24,80,36,90,47,76,testing
B01,2020-10-02,NA,NA,NA,NA,NA,NA,testing
B10,2020-10-02,NA,NA,NA,NA,NA,NA,testing
F01,2020-10-02,NA,NA,NA,NA,NA,NA,testing
F08,2020-10-02,NA,NA,NA,NA,NA,NA,testing
F09,2020-10-02,NA,NA,NA,NA,NA,NA,testing
G09,2020-10-02,NA,NA,NA,NA,NA,NA,testing
G10,2020-10-02,NA,NA,NA,NA,NA,NA,testing
G11,2020-10-02,NA,NA,NA,NA,NA,NA,testing
G12,2020-10-02,NA,NA,NA,NA,NA,NA,testing
I01,2020-10-02,NA,NA,NA,NA,NA,NA,testing
I02,2020-10-02,NA,NA,NA,NA,NA,NA,testing
I03,2020-10-02,NA,NA,NA,NA,NA,NA,testing
I04,2020-10-02,NA,NA,NA,NA,NA,NA,testing
I05,2020-10-02,NA,NA,NA,NA,NA,NA,testing
I06,2020-10-02,NA,NA,NA,NA,NA,NA,testing
I07,2020-10-02,NA,NA,NA,NA,NA,NA,testing
I08,2020-10-02,NA,NA,NA,NA,NA,NA,testing
I09,2020-10-02,NA,NA,NA,NA,NA,NA,testing
I10,2020-10-02,NA,NA,NA,NA,NA,NA,testing
I11,2020-10-02,NA,NA,NA,NA,NA,NA,testing
I12,2020-10-02,NA,NA,NA,NA,NA,NA,testing
I13,2020-10-02,NA,NA,NA,NA,NA,NA,testing
I14,2020-10-02,NA,NA,NA,NA,NA,NA,testing
I15,2020-10-02,NA,NA,NA,NA,NA,NA,testing
I16,2020-10-02,NA,NA,NA,NA,NA,NA,testing
A01,2020-10-06,40,53,24,37,29,44,testing
A02,2020-10-06,34,89,23,78,23,96,testing
A03,2020-10-06,33,72,23,93,23,99,testing
B02,2020-10-06,58,58,83,83,60,60,testing
B03,2020-10-06,58,58,83,83,60,60,testing
B04,2020-10-06,58,58,83,83,60,60,testing
B05,2020-10-06,20,93,23,72,28,88,testing
B06,2020-10-06,20,61,23,74,25,80,testing
B07,2020-10-06,20,77,23,77,20,80,testing
B08,2020-10-06,27,94,21,96,33,96,testing
B09,2020-10-06,27,74,37,56,33,96,testing
C01,2020-10-06,45,78,74,76,34,80,testing
C02,2020-10-06,53,78,40,76,52,80,testing
C03,2020-10-06,58,74,78,100,36,68,testing
C04,2020-10-06,22,92,24,99,39,99,testing
D01,2020-10-06,44,92,25,88,39,90,testing
D02,2020-10-06,31,62,31,91,41,83,testing
D03,2020-10-06,28,96,28,100,27,98,testing
D04,2020-10-06,28,96,24,87,21,98,testing
E01,2020-10-06,28,41,24,34,44,79,testing
E02,2020-10-06,30,62,27,58,21,59,testing
E03,2020-10-06,25,93,27,85,21,63,testing
E04,2020-10-06,29,100,32,74,25,55,testing
E05,2020-10-06,40,58,30,99,32,99,testing
E06,2020-10-06,33,69,24,99,20,99,testing
E07,2020-10-06,58,92,35,99,89,99,testing
E08,2020-10-06,47,80,24,92,33,89,testing
E09,2020-10-06,21,92,22,98,28,96,testing
F02,2020-10-06,43,84,48,80,24,66,testing
F03,2020-10-06,28,81,39,58,29,67,testing
F04,2020-10-06,22,64,49,98,22,96,testing
F05,2020-10-06,86,86,25,25,74,74,testing
F06,2020-10-06,32,88,41,74,46,88,testing
F07,2020-10-06,30,88,22,73,29,82,testing
G01,2020-10-06,34,34,39,39,64,64,testing
G02,2020-10-06,26,88,22,60,47,99,testing
G03,2020-10-06,29,88,22,91,29,99,testing
G04,2020-10-06,20,46,22,89,29,99,testing
G05,2020-10-06,20,48,58,89,24,90,testing
G06,2020-10-06,21,60,26,83,22,90,testing
G07,2020-10-06,21,88,46,73,29,90,testing
G08,2020-10-06,47,47,35,35,47,47,testing
H01,2020-10-06,48,91,29,92,41,81,testing
H02,2020-10-06,28,91,29,97,72,84,testing
H03,2020-10-06,57,57,42,42,95,95,testing
H04,2020-10-06,41,60,46,49,57,73,testing
H05,2020-10-06,48,92,36,68,38,81,testing
H06,2020-10-06,21,91,29,90,57,98,testing
B01,2020-10-06,NA,NA,NA,NA,NA,NA,testing
B10,2020-10-06,NA,NA,NA,NA,NA,NA,testing
F01,2020-10-06,NA,NA,NA,NA,NA,NA,testing
F08,2020-10-06,NA,NA,NA,NA,NA,NA,testing
F09,2020-10-06,NA,NA,NA,NA,NA,NA,testing
G09,2020-10-06,NA,NA,NA,NA,NA,NA,testing
G10,2020-10-06,NA,NA,NA,NA,NA,NA,testing
G11,2020-10-06,NA,NA,NA,NA,NA,NA,testing
G12,2020-10-06,NA,NA,NA,NA,NA,NA,testing
I01,2020-10-06,NA,NA,NA,NA,NA,NA,testing
I02,2020-10-06,NA,NA,NA,NA,NA,NA,testing
I03,2020-10-06,NA,NA,NA,NA,NA,NA,testing
I04,2020-10-06,NA,NA,NA,NA,NA,NA,testing
I05,2020-10-06,NA,NA,NA,NA,NA,NA,testing
I06,2020-10-06,NA,NA,NA,NA,NA,NA,testing
I07,2020-10-06,NA,NA,NA,NA,NA,NA,testing
I08,2020-10-06,NA,NA,NA,NA,NA,NA,testing
I09,2020-10-06,NA,NA,NA,NA,NA,NA,testing
I10,2020-10-06,NA,NA,NA,NA,NA,NA,testing
I11,2020-10-06,NA,NA,NA,NA,NA,NA,testing
I12,2020-10-06,NA,NA,NA,NA,NA,NA,testing
I13,2020-10-06,NA,NA,NA,NA,NA,NA,testing
I14,2020-10-06,NA,NA,NA,NA,NA,NA,testing
I15,2020-10-06,NA,NA,NA,NA,NA,NA,testing
I16,2020-10-06,NA,NA,NA,NA,NA,NA,testing
A01,2020-10-07,35,70,82,86,30,66,testing
A02,2020-10-07,25,89,27,91,23,70,testing
A03,2020-10-07,59,66,27,85,65,77,testing
B02,2020-10-07,57,57,61,61,26,26,testing
B03,2020-10-07,57,57,61,61,26,26,testing
B04,2020-10-07,57,57,61,61,26,26,testing
B05,2020-10-07,22,86,50,99,25,92,testing
B06,2020-10-07,53,66,36,77,48,99,testing
B07,2020-10-07,40,99,27,77,32,99,testing
B08,2020-10-07,24,95,27,91,24,96,testing
B09,2020-10-07,24,48,40,92,22,59,testing
C01,2020-10-07,43,60,93,98,28,40,testing
C02,2020-10-07,43,93,44,93,40,89,testing
C03,2020-10-07,65,96,60,73,50,64,testing
C04,2020-10-07,43,93,41,85,21,94,testing
D01,2020-10-07,58,79,83,94,69,94,testing
D02,2020-10-07,33,71,30,97,23,85,testing
D03,2020-10-07,26,94,30,99,24,93,testing
D04,2020-10-07,32,96,32,88,24,93,testing
E01,2020-10-07,40,96,43,64,38,91,testing
E02,2020-10-07,34,96,43,65,84,92,testing
E03,2020-10-07,26,92,38,88,21,92,testing
E04,2020-10-07,28,87,25,99,21,79,testing
E05,2020-10-07,31,38,54,93,26,98,testing
E06,2020-10-07,22,94,22,93,26,94,testing
E07,2020-10-07,31,99,36,99,22,81,testing
E08,2020-10-07,40,92,27,99,22,98,testing
E09,2020-10-07,40,92,22,99,21,88,testing
F02,2020-10-07,20,88,53,86,25,69,testing
F03,2020-10-07,20,83,65,86,55,87,testing
F04,2020-10-07,21,80,50,96,29,79,testing
F05,2020-10-07,85,85,79,79,26,26,testing
F06,2020-10-07,26,90,26,86,26,83,testing
F07,2020-10-07,20,90,47,86,26,87,testing
G01,2020-10-07,54,54,75,75,38,38,testing
G02,2020-10-07,54,99,47,100,26,87,testing
G03,2020-10-07,21,91,38,77,22,99,testing
G04,2020-10-07,33,80,44,99,34,99,testing
G05,2020-10-07,44,57,25,99,34,76,testing
G06,2020-10-07,30,84,38,99,26,92,testing
G07,2020-10-07,30,90,47,99,26,92,testing
G08,2020-10-07,61,61,72,72,52,52,testing
H01,2020-10-07,21,63,23,90,48,92,testing
H02,2020-10-07,21,96,34,100,48,92,testing
H03,2020-10-07,28,28,42,42,71,71,testing
H04,2020-10-07,30,84,38,54,26,92,testing
H05,2020-10-07,30,96,54,90,52,92,testing
H06,2020-10-07,21,63,34,99,34,92,testing
B01,2020-10-07,NA,NA,NA,NA,NA,NA,testing
B10,2020-10-07,NA,NA,NA,NA,NA,NA,testing
F01,2020-10-07,NA,NA,NA,NA,NA,NA,testing
F08,2020-10-07,NA,NA,NA,NA,NA,NA,testing
F09,2020-10-07,NA,NA,NA,NA,NA,NA,testing
G09,2020-10-07,NA,NA,NA,NA,NA,NA,testing
G10,2020-10-07,NA,NA,NA,NA,NA,NA,testing
G11,2020-10-07,NA,NA,NA,NA,NA,NA,testing
G12,2020-10-07,NA,NA,NA,NA,NA,NA,testing
I01,2020-10-07,NA,NA,NA,NA,NA,NA,testing
I02,2020-10-07,NA,NA,NA,NA,NA,NA,testing
I03,2020-10-07,NA,NA,NA,NA,NA,NA,testing
I04,2020-10-07,NA,NA,NA,NA,NA,NA,testing
I05,2020-10-07,NA,NA,NA,NA,NA,NA,testing
I06,2020-10-07,NA,NA,NA,NA,NA,NA,testing
I07,2020-10-07,NA,NA,NA,NA,NA,NA,testing
I08,2020-10-07,NA,NA,NA,NA,NA,NA,testing
I09,2020-10-07,NA,NA,NA,NA,NA,NA,testing
I10,2020-10-07,NA,NA,NA,NA,NA,NA,testing
I11,2020-10-07,NA,NA,NA,NA,NA,NA,testing
I12,2020-10-07,NA,NA,NA,NA,NA,NA,testing
I13,2020-10-07,NA,NA,NA,NA,NA,NA,testing
I14,2020-10-07,NA,NA,NA,NA,NA,NA,testing
I15,2020-10-07,NA,NA,NA,NA,NA,NA,testing
I16,2020-10-07,NA,NA,NA,NA,NA,NA,testing
A01,2020-10-08,77,83,33,35,55,61,testing
A02,2020-10-08,31,97,26,90,23,80,testing
A03,2020-10-08,43,71,38,52,44,46,testing
B02,2020-10-08,21,21,63,63,71,71,testing
B03,2020-10-08,21,21,63,63,71,71,testing
B04,2020-10-08,21,21,63,63,71,71,testing
B05,2020-10-08,20,72,23,96,20,92,testing
B06,2020-10-08,20,53,23,91,20,96,testing
B07,2020-10-08,20,98,23,91,20,96,testing
B08,2020-10-08,47,99,31,98,25,98,testing
B09,2020-10-08,24,87,24,98,70,98,testing
C01,2020-10-08,32,32,39,43,53,68,testing
C02,2020-10-08,27,32,43,86,47,68,testing
C03,2020-10-08,22,89,25,67,23,31,testing
C04,2020-10-08,26,99,24,89,29,91,testing
D01,2020-10-08,47,88,30,72,45,91,testing
D02,2020-10-08,22,99,21,99,23,87,testing
D03,2020-10-08,24,99,20,98,28,87,testing
D04,2020-10-08,27,60,25,91,42,94,testing
E01,2020-10-08,42,76,48,96,42,94,testing
E02,2020-10-08,42,86,39,96,39,94,testing
E03,2020-10-08,31,91,39,75,39,99,testing
E04,2020-10-08,20,65,23,93,23,98,testing
E05,2020-10-08,46,89,60,77,49,74,testing
E06,2020-10-08,28,97,32,99,22,95,testing
E07,2020-10-08,75,94,28,60,44,69,testing
E08,2020-10-08,34,94,22,91,21,95,testing
E09,2020-10-08,30,96,22,92,29,96,testing
F02,2020-10-08,83,92,26,62,40,91,testing
F03,2020-10-08,37,92,30,98,70,92,testing
F04,2020-10-08,24,96,26,92,50,90,testing
F05,2020-10-08,94,94,23,23,72,72,testing
F06,2020-10-08,37,86,26,94,34,97,testing
F07,2020-10-08,58,94,23,66,72,90,testing
G01,2020-10-08,93,93,87,87,30,30,testing
G02,2020-10-08,36,93,31,90,30,88,testing
G03,2020-10-08,42,83,33,99,25,90,testing
G04,2020-10-08,27,94,24,99,25,97,testing
G05,2020-10-08,23,94,24,99,32,97,testing
G06,2020-10-08,27,86,38,99,32,92,testing
G07,2020-10-08,27,83,38,99,32,90,testing
G08,2020-10-08,83,83,56,56,61,61,testing
H01,2020-10-08,32,95,22,67,24,43,testing
H02,2020-10-08,28,56,22,29,24,29,testing
H03,2020-10-08,55,55,85,85,43,43,testing
H04,2020-10-08,32,86,52,67,43,82,testing
H05,2020-10-08,32,95,45,96,30,89,testing
H06,2020-10-08,27,95,22,99,24,43,testing
B01,2020-10-08,NA,NA,NA,NA,NA,NA,testing
B10,2020-10-08,NA,NA,NA,NA,NA,NA,testing
F01,2020-10-08,NA,NA,NA,NA,NA,NA,testing
F08,2020-10-08,NA,NA,NA,NA,NA,NA,testing
F09,2020-10-08,NA,NA,NA,NA,NA,NA,testing
G09,2020-10-08,NA,NA,NA,NA,NA,NA,testing
G10,2020-10-08,NA,NA,NA,NA,NA,NA,testing
G11,2020-10-08,NA,NA,NA,NA,NA,NA,testing
G12,2020-10-08,NA,NA,NA,NA,NA,NA,testing
I01,2020-10-08,NA,NA,NA,NA,NA,NA,testing
I02,2020-10-08,NA,NA,NA,NA,NA,NA,testing
I03,2020-10-08,NA,NA,NA,NA,NA,NA,testing
I04,2020-10-08,NA,NA,NA,NA,NA,NA,testing
I05,2020-10-08,NA,NA,NA,NA,NA,NA,testing
I06,2020-10-08,NA,NA,NA,NA,NA,NA,testing
I07,2020-10-08,NA,NA,NA,NA,NA,NA,testing
I08,2020-10-08,NA,NA,NA,NA,NA,NA,testing
I09,2020-10-08,NA,NA,NA,NA,NA,NA,testing
I10,2020-10-08,NA,NA,NA,NA,NA,NA,testing
I11,2020-10-08,NA,NA,NA,NA,NA,NA,testing
I12,2020-10-08,NA,NA,NA,NA,NA,NA,testing
I13,2020-10-08,NA,NA,NA,NA,NA,NA,testing
I14,2020-10-08,NA,NA,NA,NA,NA,NA,testing
I15,2020-10-08,NA,NA,NA,NA,NA,NA,testing
I16,2020-10-08,NA,NA,NA,NA,NA,NA,testing
A01,2020-10-09,59,81,70,100,41,56,testing
A02,2020-10-09,21,99,24,82,27,91,testing
A03,2020-10-09,21,71,76,82,27,36,testing
B02,2020-10-09,82,82,91,91,79,79,testing
B03,2020-10-09,82,82,91,91,79,79,testing
B04,2020-10-09,82,82,91,91,79,79,testing
B05,2020-10-09,36,96,27,99,23,92,testing
B06,2020-10-09,73,96,70,99,50,70,testing
B07,2020-10-09,30,96,51,99,33,76,testing
B08,2020-10-09,35,91,28,69,34,100,testing
B09,2020-10-09,43,87,38,94,24,92,testing
C01,2020-10-09,23,86,56,100,24,47,testing
C02,2020-10-09,23,84,78,100,24,47,testing
C03,2020-10-09,29,90,47,70,23,47,testing
C04,2020-10-09,26,98,23,90,42,100,testing
D01,2020-10-09,27,96,48,88,48,100,testing
D02,2020-10-09,27,59,36,73,46,89,testing
D03,2020-10-09,42,91,43,96,46,83,testing
D04,2020-10-09,35,96,30,99,21,83,testing
E01,2020-10-09,33,91,30,99,21,40,testing
E02,2020-10-09,24,91,30,95,32,52,testing
E03,2020-10-09,24,94,22,95,26,84,testing
E04,2020-10-09,37,97,32,90,48,75,testing
E05,2020-10-09,21,96,52,99,35,93,testing
E06,2020-10-09,25,96,20,99,22,86,testing
E07,2020-10-09,29,96,24,99,35,99,testing
E08,2020-10-09,30,91,22,99,35,99,testing
E09,2020-10-09,29,91,24,96,33,99,testing
F02,2020-10-09,27,88,26,97,58,91,testing
F03,2020-10-09,23,63,38,97,58,98,testing
F04,2020-10-09,42,98,33,96,32,99,testing
F05,2020-10-09,25,25,50,50,56,56,testing
F06,2020-10-09,30,85,44,76,21,87,testing
F07,2020-10-09,25,78,35,97,27,99,testing
G01,2020-10-09,86,86,54,54,96,96,testing
G02,2020-10-09,26,86,32,84,26,96,testing
G03,2020-10-09,37,93,28,74,22,99,testing
G04,2020-10-09,46,89,22,74,54,99,testing
G05,2020-10-09,46,96,45,74,40,93,testing
G06,2020-10-09,26,78,24,61,21,99,testing
G07,2020-10-09,28,78,35,61,27,99,testing
G08,2020-10-09,82,82,84,84,26,26,testing
H01,2020-10-09,27,76,56,89,31,85,testing
H02,2020-10-09,28,88,56,76,31,44,testing
H03,2020-10-09,57,57,59,59,77,77,testing
H04,2020-10-09,26,28,41,61,21,85,testing
H05,2020-10-09,28,82,47,73,45,97,testing
H06,2020-10-09,28,78,54,66,31,89,testing
B01,2020-10-09,NA,NA,NA,NA,NA,NA,testing
B10,2020-10-09,NA,NA,NA,NA,NA,NA,testing
F01,2020-10-09,NA,NA,NA,NA,NA,NA,testing
F08,2020-10-09,NA,NA,NA,NA,NA,NA,testing
F09,2020-10-09,NA,NA,NA,NA,NA,NA,testing
G09,2020-10-09,NA,NA,NA,NA,NA,NA,testing
G10,2020-10-09,NA,NA,NA,NA,NA,NA,testing
G11,2020-10-09,NA,NA,NA,NA,NA,NA,testing
G12,2020-10-09,NA,NA,NA,NA,NA,NA,testing
I01,2020-10-09,NA,NA,NA,NA,NA,NA,testing
I02,2020-10-09,NA,NA,NA,NA,NA,NA,testing
I03,2020-10-09,NA,NA,NA,NA,NA,NA,testing
I04,2020-10-09,NA,NA,NA,NA,NA,NA,testing
I05,2020-10-09,NA,NA,NA,NA,NA,NA,testing
I06,2020-10-09,NA,NA,NA,NA,NA,NA,testing
I07,2020-10-09,NA,NA,NA,NA,NA,NA,testing
I08,2020-10-09,NA,NA,NA,NA,NA,NA,testing
I09,2020-10-09,NA,NA,NA,NA,NA,NA,testing
I10,2020-10-09,NA,NA,NA,NA,NA,NA,testing
I11,2020-10-09,NA,NA,NA,NA,NA,NA,testing
I12,2020-10-09,NA,NA,NA,NA,NA,NA,testing
I13,2020-10-09,NA,NA,NA,NA,NA,NA,testing
I14,2020-10-09,NA,NA,NA,NA,NA,NA,testing
I15,2020-10-09,NA,NA,NA,NA,NA,NA,testing
I16,2020-10-09,NA,NA,NA,NA,NA,NA,testing
A01,2020-10-10,21,86,39,45,62,68,testing
A02,2020-10-10,33,99,44,90,22,84,testing
A03,2020-10-10,47,62,22,63,34,64,testing
B02,2020-10-10,66,66,77,77,58,58,testing
B03,2020-10-10,66,66,77,77,58,58,testing
B04,2020-10-10,66,66,77,77,58,58,testing
B05,2020-10-10,22,46,22,61,39,68,testing
B06,2020-10-10,22,99,22,97,39,59,testing
B07,2020-10-10,22,99,22,97,22,85,testing
B08,2020-10-10,21,86,22,98,22,84,testing
B09,2020-10-10,40,70,33,87,34,66,testing
C01,2020-10-10,77,98,44,70,42,91,testing
C02,2020-10-10,42,77,44,45,42,89,testing
C03,2020-10-10,77,100,42,46,34,40,testing
C04,2020-10-10,25,92,26,92,38,85,testing
D01,2020-10-10,39,88,57,82,23,67,testing
D02,2020-10-10,39,90,33,76,42,58,testing
D03,2020-10-10,46,90,24,79,38,98,testing
D04,2020-10-10,23,75,24,98,38,98,testing
E01,2020-10-10,36,90,94,98,38,90,testing
E02,2020-10-10,36,90,29,98,22,90,testing
E03,2020-10-10,29,96,29,97,22,98,testing
E04,2020-10-10,46,98,54,92,42,92,testing
E05,2020-10-10,21,79,27,60,42,92,testing
E06,2020-10-10,21,100,38,86,21,92,testing
E07,2020-10-10,21,90,34,82,50,98,testing
E08,2020-10-10,41,90,34,88,62,98,testing
E09,2020-10-10,34,90,28,95,21,98,testing
F02,2020-10-10,21,76,22,80,53,99,testing
F03,2020-10-10,21,83,22,37,42,99,testing
F04,2020-10-10,29,86,28,90,27,94,testing
F05,2020-10-10,97,97,38,38,44,44,testing
F06,2020-10-10,24,84,29,63,39,91,testing
F07,2020-10-10,31,97,22,79,44,88,testing
G01,2020-10-10,60,60,71,71,76,76,testing
G02,2020-10-10,31,82,54,96,67,88,testing
G03,2020-10-10,31,93,21,66,22,88,testing
G04,2020-10-10,27,86,21,87,42,88,testing
G05,2020-10-10,27,97,41,87,42,71,testing
G06,2020-10-10,29,61,37,98,49,88,testing
G07,2020-10-10,31,61,43,87,51,88,testing
G08,2020-10-10,55,55,54,54,67,67,testing
H01,2020-10-10,23,71,29,63,38,85,testing
H02,2020-10-10,34,61,41,63,31,85,testing
H03,2020-10-10,59,59,80,80,80,80,testing
H04,2020-10-10,44,56,63,98,62,84,testing
H05,2020-10-10,44,88,57,75,31,94,testing
H06,2020-10-10,34,71,41,87,26,85,testing
B01,2020-10-10,NA,NA,NA,NA,NA,NA,testing
B10,2020-10-10,NA,NA,NA,NA,NA,NA,testing
F01,2020-10-10,NA,NA,NA,NA,NA,NA,testing
F08,2020-10-10,NA,NA,NA,NA,NA,NA,testing
F09,2020-10-10,NA,NA,NA,NA,NA,NA,testing
G09,2020-10-10,NA,NA,NA,NA,NA,NA,testing
G10,2020-10-10,NA,NA,NA,NA,NA,NA,testing
G11,2020-10-10,NA,NA,NA,NA,NA,NA,testing
G12,2020-10-10,NA,NA,NA,NA,NA,NA,testing
I01,2020-10-10,NA,NA,NA,NA,NA,NA,testing
I02,2020-10-10,NA,NA,NA,NA,NA,NA,testing
I03,2020-10-10,NA,NA,NA,NA,NA,NA,testing
I04,2020-10-10,NA,NA,NA,NA,NA,NA,testing
I05,2020-10-10,NA,NA,NA,NA,NA,NA,testing
I06,2020-10-10,NA,NA,NA,NA,NA,NA,testing
I07,2020-10-10,NA,NA,NA,NA,NA,NA,testing
I08,2020-10-10,NA,NA,NA,NA,NA,NA,testing
I09,2020-10-10,NA,NA,NA,NA,NA,NA,testing
I10,2020-10-10,NA,NA,NA,NA,NA,NA,testing
I11,2020-10-10,NA,NA,NA,NA,NA,NA,testing
I12,2020-10-10,NA,NA,NA,NA,NA,NA,testing
I13,2020-10-10,NA,NA,NA,NA,NA,NA,testing
I14,2020-10-10,NA,NA,NA,NA,NA,NA,testing
I15,2020-10-10,NA,NA,NA,NA,NA,NA,testing
I16,2020-10-10,NA,NA,NA,NA,NA,NA,testing
A01,2020-10-11,33,42,47,100,37,44,testing
A02,2020-10-11,21,99,25,97,30,71,testing
A03,2020-10-11,21,24,58,89,44,88,testing
B02,2020-10-11,26,26,99,99,75,75,testing
B03,2020-10-11,26,26,99,99,75,75,testing
B04,2020-10-11,26,26,99,99,75,75,testing
B05,2020-10-11,30,100,49,97,27,89,testing
B06,2020-10-11,22,98,47,97,50,91,testing
B07,2020-10-11,22,98,47,97,20,91,testing
B08,2020-10-11,37,91,21,96,20,75,testing
B09,2020-10-11,41,72,49,58,27,92,testing
C01,2020-10-11,39,43,27,76,61,74,testing
C02,2020-10-11,43,60,27,32,59,61,testing
C03,2020-10-11,43,81,50,86,74,91,testing
C04,2020-10-11,20,92,21,98,30,89,testing
D01,2020-10-11,27,92,21,95,35,98,testing
D02,2020-10-11,49,96,28,100,57,84,testing
D03,2020-10-11,31,94,33,86,41,79,testing
D04,2020-10-11,22,99,36,98,25,83,testing
E01,2020-10-11,25,84,89,93,22,69,testing
E02,2020-10-11,25,84,56,92,20,72,testing
E03,2020-10-11,26,85,40,87,20,87,testing
E04,2020-10-11,34,98,22,93,28,92,testing
E05,2020-10-11,21,75,56,78,21,84,testing
E06,2020-10-11,21,91,26,78,24,88,testing
E07,2020-10-11,33,74,56,78,72,88,testing
E08,2020-10-11,23,91,39,82,23,73,testing
E09,2020-10-11,21,94,24,82,29,93,testing
F02,2020-10-11,59,82,40,88,36,71,testing
F03,2020-10-11,22,82,40,87,44,89,testing
F04,2020-10-11,31,100,27,98,21,98,testing
F05,2020-10-11,63,63,69,69,24,24,testing
F06,2020-10-11,33,64,50,94,31,76,testing
F07,2020-10-11,55,88,45,69,24,98,testing
G01,2020-10-11,26,26,25,25,31,31,testing
G02,2020-10-11,22,78,25,88,31,99,testing
G03,2020-10-11,59,99,29,87,37,99,testing
G04,2020-10-11,60,99,22,62,36,98,testing
G05,2020-10-11,23,87,22,49,36,92,testing
G06,2020-10-11,32,88,22,94,31,98,testing
G07,2020-10-11,58,88,22,94,44,98,testing
G08,2020-10-11,51,51,88,88,97,97,testing
H01,2020-10-11,58,98,33,94,67,99,testing
H02,2020-10-11,70,96,58,97,56,67,testing
H03,2020-10-11,57,57,42,42,66,66,testing
H04,2020-10-11,57,58,29,94,64,92,testing
H05,2020-10-11,58,91,82,94,34,92,testing
H06,2020-10-11,20,96,22,94,67,92,testing
B01,2020-10-11,NA,NA,NA,NA,NA,NA,testing
B10,2020-10-11,NA,NA,NA,NA,NA,NA,testing
F01,2020-10-11,NA,NA,NA,NA,NA,NA,testing
F08,2020-10-11,NA,NA,NA,NA,NA,NA,testing
F09,2020-10-11,NA,NA,NA,NA,NA,NA,testing
G09,2020-10-11,NA,NA,NA,NA,NA,NA,testing
G10,2020-10-11,NA,NA,NA,NA,NA,NA,testing
G11,2020-10-11,NA,NA,NA,NA,NA,NA,testing
G12,2020-10-11,NA,NA,NA,NA,NA,NA,testing
I01,2020-10-11,NA,NA,NA,NA,NA,NA,testing
I02,2020-10-11,NA,NA,NA,NA,NA,NA,testing
I03,2020-10-11,NA,NA,NA,NA,NA,NA,testing
I04,2020-10-11,NA,NA,NA,NA,NA,NA,testing
I05,2020-10-11,NA,NA,NA,NA,NA,NA,testing
I06,2020-10-11,NA,NA,NA,NA,NA,NA,testing
I07,2020-10-11,NA,NA,NA,NA,NA,NA,testing
I08,2020-10-11,NA,NA,NA,NA,NA,NA,testing
I09,2020-10-11,NA,NA,NA,NA,NA,NA,testing
I10,2020-10-11,NA,NA,NA,NA,NA,NA,testing
I11,2020-10-11,NA,NA,NA,NA,NA,NA,testing
I12,2020-10-11,NA,NA,NA,NA,NA,NA,testing
I13,2020-10-11,NA,NA,NA,NA,NA,NA,testing
I14,2020-10-11,NA,NA,NA,NA,NA,NA,testing
I15,2020-10-11,NA,NA,NA,NA,NA,NA,testing
I16,2020-10-11,NA,NA,NA,NA,NA,NA,testing
A01,2020-10-12,20,28,41,47,61,100,testing
A02,2020-10-12,20,97,22,98,38,96,testing
A03,2020-10-12,20,42,42,43,44,49,testing
B02,2020-10-12,88,88,39,39,75,75,testing
B03,2020-10-12,88,88,39,39,75,75,testing
B04,2020-10-12,88,88,39,39,75,75,testing
B05,2020-10-12,31,96,28,78,34,90,testing
B06,2020-10-12,72,99,28,98,60,90,testing
B07,2020-10-12,24,99,28,98,60,98,testing
B08,2020-10-12,24,91,28,80,22,98,testing
B09,2020-10-12,25,91,29,42,22,89,testing
C01,2020-10-12,21,69,22,28,46,66,testing
C02,2020-10-12,69,78,28,78,46,80,testing
C03,2020-10-12,35,46,82,96,33,43,testing
C04,2020-10-12,28,93,30,88,36,93,testing
D01,2020-10-12,66,97,23,81,32,98,testing
D02,2020-10-12,32,74,27,96,29,82,testing
D03,2020-10-12,22,92,23,100,20,92,testing
D04,2020-10-12,42,94,23,85,20,90,testing
E01,2020-10-12,59,88,27,83,22,90,testing
E02,2020-10-12,35,88,27,100,22,91,testing
E03,2020-10-12,24,93,24,100,22,98,testing
E04,2020-10-12,34,94,32,87,47,92,testing
E05,2020-10-12,69,100,46,61,79,88,testing
E06,2020-10-12,25,100,24,80,26,97,testing
E07,2020-10-12,26,100,46,72,44,88,testing
E08,2020-10-12,20,93,46,98,35,82,testing
E09,2020-10-12,20,99,21,76,26,82,testing
F02,2020-10-12,56,97,27,100,22,56,testing
F03,2020-10-12,28,97,27,38,35,60,testing
F04,2020-10-12,22,99,21,95,24,90,testing
F05,2020-10-12,73,73,79,79,68,68,testing
F06,2020-10-12,38,80,77,99,73,88,testing
F07,2020-10-12,38,97,32,94,21,73,testing
G01,2020-10-12,42,42,61,61,42,42,testing
G02,2020-10-12,30,96,37,99,21,83,testing
G03,2020-10-12,26,98,26,94,25,90,testing
G04,2020-10-12,23,93,35,86,25,83,testing
G05,2020-10-12,23,39,45,86,44,83,testing
G06,2020-10-12,20,93,32,95,25,79,testing
G07,2020-10-12,38,93,44,94,25,73,testing
G08,2020-10-12,48,48,37,37,40,40,testing
H01,2020-10-12,21,68,46,90,20,89,testing
H02,2020-10-12,40,45,36,56,86,89,testing
H03,2020-10-12,72,72,44,44,47,47,testing
H04,2020-10-12,20,60,32,46,57,79,testing
H05,2020-10-12,24,66,46,88,50,66,testing
H06,2020-10-12,39,60,25,88,29,89,testing
B01,2020-10-12,NA,NA,NA,NA,NA,NA,testing
B10,2020-10-12,NA,NA,NA,NA,NA,NA,testing
F01,2020-10-12,NA,NA,NA,NA,NA,NA,testing
F08,2020-10-12,NA,NA,NA,NA,NA,NA,testing
F09,2020-10-12,NA,NA,NA,NA,NA,NA,testing
G09,2020-10-12,NA,NA,NA,NA,NA,NA,testing
G10,2020-10-12,NA,NA,NA,NA,NA,NA,testing
G11,2020-10-12,NA,NA,NA,NA,NA,NA,testing
G12,2020-10-12,NA,NA,NA,NA,NA,NA,testing
I01,2020-10-12,NA,NA,NA,NA,NA,NA,testing
I02,2020-10-12,NA,NA,NA,NA,NA,NA,testing
I03,2020-10-12,NA,NA,NA,NA,NA,NA,testing
I04,2020-10-12,NA,NA,NA,NA,NA,NA,testing
I05,2020-10-12,NA,NA,NA,NA,NA,NA,testing
I06,2020-10-12,NA,NA,NA,NA,NA,NA,testing
I07,2020-10-12,NA,NA,NA,NA,NA,NA,testing
I08,2020-10-12,NA,NA,NA,NA,NA,NA,testing
I09,2020-10-12,NA,NA,NA,NA,NA,NA,testing
I10,2020-10-12,NA,NA,NA,NA,NA,NA,testing
I11,2020-10-12,NA,NA,NA,NA,NA,NA,testing
I12,2020-10-12,NA,NA,NA,NA,NA,NA,testing
I13,2020-10-12,NA,NA,NA,NA,NA,NA,testing
I14,2020-10-12,NA,NA,NA,NA,NA,NA,testing
I15,2020-10-12,NA,NA,NA,NA,NA,NA,testing
I16,2020-10-12,NA,NA,NA,NA,NA,NA,testing
